Time,DeliveryPower,SetPower,RFVoltage,RFCurrent,DCVoltage,DCCurrent,RFPhase,RF,QFR,RealPlasmaImpedance,ImaginaryPlasmaImpedance,RunMode,Interlock
2022/05/27 18:32:56,0,0,0,0,0,0,0,0,0,0,0,1,0
2022/05/27 18:32:57,0,1,0,0,0,0,0,0,0,0,0,1,0
2022/05/27 18:32:57,0,0,0,0,0,0,0,0,0,0,0,1,0
2022/05/27 18:32:57,0,0,0,0,0,0,0,0,0,0,0,1,0
2022/05/27 18:32:57,0,0,0,0,0,0,0,0,0,0,0,1,0
2022/05/27 18:32:58,0,0,0,0,0,0,0,0,0,0,0,1,0
2022/05/27 18:32:58,0,0,0,0,0,0,0,0,0,0,0,1,0
2022/05/27 18:32:58,0,0,0,0,0,0,0,0,0,0,0,1,0
2022/05/27 18:32:58,0,1,0,0,0,0,0,0,0,0,0,1,0
2022/05/27 18:32:59,0,1,0,0,0,0,0,0,0,0,0,1,0
2022/05/27 18:32:59,0,1,0,0,0,0,0,0,0,0,0,1,0
2022/05/27 18:32:59,0,0,0,0,0,0,0,0,0,0,0,1,0
2022/05/27 18:32:59,0,0,0,0,0,0,0,0,0,0,0,1,0
2022/05/27 18:33:00,0,0,0,0,0,0,0,0,0,0,0,1,0
2022/05/27 18:33:00,0,0,0,0,0,0,0,0,0,0,0,1,0
2022/05/27 18:33:00,0,0,0,0,0,0,0,0,0,0,0,1,0
2022/05/27 18:33:00,0,0,0,0,0,0,0,0,0,0,0,1,0
2022/05/27 18:33:00,0,0,0,0,0,0,0,0,0,0,0,1,0
2022/05/27 18:33:01,0,0,0,0,0,0,0,0,0,0,0,1,0
2022/05/27 18:33:01,0,0,0,0,0,0,0,0,0,0,0,1,0
2022/05/27 18:33:01,0,0,0,0,0,0,0,0,0,0,0,1,0
2022/05/27 18:33:01,0,0,0,0,0,0,0,0,0,0,0,1,0
2022/05/27 18:33:02,0,0,0,0,0,0,0,0,0,0,0,1,0
2022/05/27 18:33:02,0,0,0,0,0,0,0,0,0,0,0,1,0
2022/05/27 18:33:02,0,0,0,0,0,0,0,0,0,0,0,1,0
2022/05/27 18:33:02,0,0,0,0,0,0,0,0,0,0,0,1,0
2022/05/27 18:33:03,0,1,0,0,0,0,0,0,0,0,0,1,0
2022/05/27 18:33:03,0,1,0,0,0,0,0,0,0,0,0,1,0
2022/05/27 18:33:03,0,0,0,0,0,0,0,0,0,0,0,1,0
2022/05/27 18:33:03,0,0,0,0,0,0,0,0,0,0,0,1,0
2022/05/27 18:33:04,0,0,0,0,0,0,0,0,0,0,0,1,0
2022/05/27 18:33:04,0,0,0,0,0,0,0,0,0,0,0,1,0
2022/05/27 18:33:04,0,0,0,0,0,0,0,0,0,0,0,1,0
2022/05/27 18:33:04,0,0,0,0,0,0,0,0,0,0,0,1,0
2022/05/27 18:33:04,0,0,0,0,0,0,0,0,0,0,0,1,0
2022/05/27 18:33:05,0,0,0,0,0,0,0,0,0,0,0,1,0
2022/05/27 18:33:05,0,0,0,0,0,0,0,0,0,0,0,1,0
2022/05/27 18:33:05,0,0,0,0,0,0,0,0,0,0,0,1,0
2022/05/27 18:33:06,0,0,0,0,0,0,0,0,0,0,0,1,0
2022/05/27 18:33:06,0,0,0,0,0,0,0,0,0,0,0,1,0
2022/05/27 18:33:06,0,0,0,0,0,0,0,0,0,0,0,1,0
2022/05/27 18:33:06,0,0,0,0,0,0,0,0,0,0,0,1,0
2022/05/27 18:33:07,0,0,0,0,0,0,0,0,0,0,0,1,0
2022/05/27 18:33:07,0,0,0,0,0,0,0,0,0,0,0,1,0
2022/05/27 18:33:07,0,0,0,0,0,0,0,0,0,0,0,1,0
2022/05/27 18:33:07,0,0,0,0,0,0,0,0,0,0,0,1,0
2022/05/27 18:33:08,0,0,0,0,0,0,0,0,0,0,0,1,0
2022/05/27 18:33:08,0,0,0,0,0,0,0,0,0,0,0,1,0
2022/05/27 18:33:08,0,0,0,0,0,0,0,0,0,0,0,1,0
2022/05/27 18:33:08,0,1,0,0,0,0,0,0,0,0,0,1,0
2022/05/27 18:33:09,0,1,0,0,0,0,0,0,0,0,0,1,0
2022/05/27 18:33:09,0,1,0,0,0,0,0,0,0,0,0,1,0
2022/05/27 18:33:09,0,1,0,0,0,0,0,0,0,0,0,1,0
2022/05/27 18:33:09,0,0,0,0,0,0,0,0,0,0,0,1,0
2022/05/27 18:33:10,0,0,0,0,0,0,0,0,0,0,0,1,0
2022/05/27 18:33:10,0,0,0,0,0,0,0,0,0,0,0,1,0
2022/05/27 18:33:10,0,0,0,0,0,0,0,0,0,0,0,1,0
2022/05/27 18:33:10,0,0,0,0,0,0,0,0,0,0,0,1,0
2022/05/27 18:33:10,0,0,0,0,0,0,0,0,0,0,0,1,0
2022/05/27 18:33:11,0,0,0,0,0,0,0,0,0,0,0,1,0
2022/05/27 18:33:11,0,0,0,0,0,0,0,0,0,0,0,1,0
2022/05/27 18:33:11,0,0,0,0,0,0,0,0,0,0,0,1,0
2022/05/27 18:33:12,0,0,0,0,0,0,0,0,0,0,0,1,0
2022/05/27 18:33:12,0,0,0,0,0,0,0,0,0,0,0,1,0
2022/05/27 18:33:12,0,0,0,0,0,0,0,0,0,0,0,1,0
2022/05/27 18:33:12,0,0,0,0,0,0,0,0,0,0,0,1,0
2022/05/27 18:33:13,0,0,0,0,0,0,0,0,0,0,0,1,0
2022/05/27 18:33:13,0,0,0,0,0,0,0,0,0,0,0,1,0
2022/05/27 18:33:13,0,0,0,0,0,0,0,0,0,0,0,1,0
2022/05/27 18:33:13,0,0,0,0,0,0,0,0,0,0,0,1,0
2022/05/27 18:33:14,0,1,0,0,0,0,0,0,0,0,0,1,0
2022/05/27 18:33:14,0,1,0,0,0,0,0,0,0,0,0,1,0
2022/05/27 18:33:14,0,1,0,0,0,0,0,0,0,0,0,1,0
2022/05/27 18:33:14,0,0,0,0,0,0,0,0,0,0,0,1,0
2022/05/27 18:33:15,0,0,0,0,0,0,0,0,0,0,0,1,0
2022/05/27 18:33:15,0,0,0,0,0,0,0,0,0,0,0,1,0
2022/05/27 18:33:15,0,0,0,0,0,0,0,0,0,0,0,1,0
2022/05/27 18:33:15,0,0,0,0,0,0,0,0,0,0,0,1,0
2022/05/27 18:33:15,0,0,0,0,0,0,0,0,0,0,0,1,0
2022/05/27 18:33:16,0,0,0,0,0,0,0,0,0,0,0,1,0
2022/05/27 18:33:16,0,0,0,0,0,0,0,0,0,0,0,1,0
2022/05/27 18:33:16,0,0,0,0,0,0,0,0,0,0,0,1,0
2022/05/27 18:33:16,0,0,0,0,0,0,0,0,0,0,0,1,0
2022/05/27 18:33:17,0,0,0,0,0,0,0,0,0,0,0,1,0
2022/05/27 18:33:17,0,0,0,0,0,0,0,0,0,0,0,1,0
2022/05/27 18:33:17,0,0,0,0,0,0,0,0,0,0,0,1,0
2022/05/27 18:33:17,0,0,0,0,0,0,0,0,0,0,0,1,0
2022/05/27 18:33:18,0,0,0,0,0,0,0,0,0,0,0,1,0
2022/05/27 18:33:18,0,0,0,0,0,0,0,0,0,0,0,1,0
2022/05/27 18:33:18,0,0,0,0,0,0,0,0,0,0,0,1,0
2022/05/27 18:33:18,0,0,0,0,0,0,0,0,0,0,0,1,0
2022/05/27 18:33:19,0,0,0,0,0,0,0,0,0,0,0,1,0
2022/05/27 18:33:19,0,0,0,0,0,0,0,0,0,0,0,1,0
2022/05/27 18:33:19,0,0,0,0,0,0,0,0,0,0,0,1,0
2022/05/27 18:33:19,0,0,0,0,0,0,0,0,0,0,0,1,0
2022/05/27 18:33:20,0,0,0,0,0,0,0,0,0,0,0,1,0
2022/05/27 18:33:20,0,0,0,0,0,0,0,0,0,0,0,1,0
2022/05/27 18:33:20,0,0,0,0,0,0,0,0,0,0,0,1,0
2022/05/27 18:33:20,0,0,0,0,0,0,0,0,0,0,0,1,0
2022/05/27 18:33:21,0,0,0,0,0,0,0,0,0,0,0,1,0
2022/05/27 18:33:21,0,1,0,0,0,0,0,0,0,0,0,1,0
2022/05/27 18:33:21,0,1,0,0,0,0,0,0,0,0,0,1,0
2022/05/27 18:33:21,0,1,0,0,0,0,0,0,0,0,0,1,0
2022/05/27 18:33:22,0,0,0,0,0,0,0,0,0,0,0,1,0
2022/05/27 18:33:22,0,0,0,0,0,0,0,0,0,0,0,2,0
2022/05/27 18:33:22,0,0,0,0,0,0,0,0,0,0,0,2,0
2022/05/27 18:33:22,0,0,0,0,0,0,0,0,0,0,0,2,0
2022/05/27 18:33:23,0,697,0,0,0,0,0,0,0,0,0,4,0
2022/05/27 18:33:23,0,697,0,0,0,0,0,0,0,0,0,4,0
2022/05/27 18:33:23,0,697,0,0,0,0,0,0,0,0,0,4,0
2022/05/27 18:33:23,0,697,0,0,0,0,0,0,0,0,0,4,0
2022/05/27 18:33:24,0,697,0,0,0,0,0,0,0,0,0,4,0
2022/05/27 18:33:24,0,698,0,0,0,0,0,0,0,0,0,4,0
2022/05/27 18:33:24,0,697,0,0,0,0,0,0,0,0,0,4,0
2022/05/27 18:33:24,0,697,0,0,0,0,0,0,0,0,0,4,0
2022/05/27 18:33:25,696,697,178.1,3.9,276.4,2.1,0,3.186253,1,46.1,0,4,0
2022/05/27 18:33:25,697,698,185.3,3.7,276.3,2.3,0,3.185199,1,49.2,0,4,0
2022/05/27 18:33:25,698,698,191.8,3.6,276.1,2.4,0,3.185726,1,54,0,4,0
2022/05/27 18:33:25,698,698,191.8,3.6,276.1,2.4,0,3.185726,1,54,0,4,0
2022/05/27 18:33:26,698,697,196.3,3.5,275.8,2.5,0,3.184672,1,55.2,0,4,0
2022/05/27 18:33:26,698,697,196.3,3.5,275.8,2.5,0,3.183618,1,55.2,0,4,0
2022/05/27 18:33:26,698,697,196.3,3.5,275.8,2.5,0,3.183618,1,55.2,0,4,0
2022/05/27 18:33:26,698,697,196.3,3.5,275.8,2.5,0,3.183618,1,55.2,0,4,0
2022/05/27 18:33:27,697,697,196.2,3.5,275.7,2.5,0,3.184672,1,55.2,0,4,0
2022/05/27 18:33:27,697,697,196.2,3.5,275.7,2.5,0,3.183091,1,55.2,0,4,0
2022/05/27 18:33:27,697,697,196.2,3.5,275.7,2.5,0,3.183091,1,55.2,0,4,0
2022/05/27 18:33:27,697,697,196.2,3.5,275.7,2.5,0,3.183091,1,55.2,0,4,0
2022/05/27 18:33:28,697,697,196.2,3.5,275.7,2.5,0,3.183618,1,55.3,0,4,0
2022/05/27 18:33:28,696,697,196.2,3.5,275.7,2.5,0,3.182564,1,55.3,0,4,0
2022/05/27 18:33:28,696,697,196.2,3.5,275.7,2.5,0,3.182564,1,55.3,0,4,0
2022/05/27 18:33:28,696,697,196.3,3.5,275.8,2.5,0,3.182037,1,55.3,0,4,0
2022/05/27 18:33:29,696,697,196.4,3.5,275.9,2.5,0,3.18151,1,55.4,0,4,0
2022/05/27 18:33:29,696,697,196.4,3.5,275.9,2.5,0,3.18151,1,55.4,0,4,0
2022/05/27 18:33:29,696,697,196.4,3.5,275.9,2.5,0,3.18151,1,55.4,0,4,0
2022/05/27 18:33:29,696,696,196.6,3.5,276,2.5,0,3.182021,1,55.5,0,4,0
2022/05/27 18:33:30,696,697,196.8,3.5,276.1,2.5,0,3.182021,1,55.6,0,4,0
2022/05/27 18:33:30,696,697,196.8,3.5,276.1,2.5,0,3.182021,1,55.6,0,4,0
2022/05/27 18:33:30,696,697,197,3.5,276.2,2.5,0,3.18119,1,55.7,0,4,0
2022/05/27 18:33:30,696,698,197.1,3.5,276.2,2.5,0,3.182244,1,55.8,0,4,0
2022/05/27 18:33:31,696,697,197.3,3.5,276.2,2.5,0,3.1832,1,55.9,0,4,0
2022/05/27 18:33:31,696,697,197.3,3.5,276.2,2.5,0,3.1832,1,55.9,0,4,0
2022/05/27 18:33:31,697,697,197.3,3.5,276.1,2.5,0,3.182129,1,55.8,0,4,0
2022/05/27 18:33:31,697,697,197.3,3.5,276.1,2.5,0,3.181602,1,55.9,0,4,0
2022/05/27 18:33:31,697,697,197.3,3.5,276.1,2.5,0,3.181602,1,55.9,0,4,0
2022/05/27 18:33:32,696,697,197.2,3.5,276,2.5,0,3.181075,1,55.8,0,4,0
2022/05/27 18:33:32,697,698,197.2,3.5,276,2.5,0,3.181883,1,55.8,0,4,0
2022/05/27 18:33:32,696,697,197.3,3.5,276.1,2.5,0,3.180234,1,55.9,0,4,0
2022/05/27 18:33:32,696,697,197.3,3.5,276.1,2.5,0,3.180234,1,55.9,0,4,0
2022/05/27 18:33:33,697,697,197.3,3.5,276.1,2.5,0,3.181713,1,55.7,0,4,0
2022/05/27 18:33:33,697,698,197.2,3.5,276,2.5,0,3.180965,1,55.8,0,4,0
2022/05/27 18:33:33,697,698,197.2,3.5,276,2.5,0,3.180965,1,55.8,0,4,0
2022/05/27 18:33:33,697,698,197.2,3.5,276,2.5,0,3.180965,1,55.8,0,4,0
2022/05/27 18:33:34,697,697,197.1,3.5,275.9,2.5,0,3.17715,1,55.8,0,4,0
2022/05/27 18:33:34,696,697,197.1,3.5,275.9,2.5,0,3.176953,1,55.8,0,4,0
2022/05/27 18:33:34,696,697,197.1,3.5,275.9,2.5,0,3.176953,1,55.8,0,4,0
2022/05/27 18:33:34,696,697,197.1,3.5,275.9,2.5,0,3.176953,1,55.8,0,4,0
2022/05/27 18:33:35,696,697,197.1,3.5,275.9,2.5,0,3.17714,1,55.8,0,4,0
2022/05/27 18:33:35,696,697,197.1,3.5,275.9,2.5,0,3.177123,1,55.8,0,4,0
2022/05/27 18:33:35,696,697,197.1,3.5,275.9,2.5,0,3.177123,1,55.8,0,4,0
2022/05/27 18:33:35,696,697,197.1,3.5,275.9,2.5,0,3.177123,1,55.8,0,4,0
2022/05/27 18:33:36,696,697,197.1,3.5,275.9,2.5,0,3.177043,1,55.8,0,4,0
2022/05/27 18:33:36,696,697,197.1,3.5,275.9,2.5,0,3.1771,1,55.8,0,4,0
2022/05/27 18:33:36,696,697,197.1,3.5,275.9,2.5,0,3.1771,1,55.8,0,4,0
2022/05/27 18:33:36,696,697,197.1,3.5,275.9,2.5,0,3.1771,1,55.8,0,4,0
2022/05/27 18:33:37,696,698,197.1,3.5,275.9,2.5,0,3.178581,1,55.8,0,4,0
2022/05/27 18:33:37,697,697,197,3.5,275.8,2.5,0,3.178363,1,55.7,0,4,0
2022/05/27 18:33:37,696,697,196.9,3.5,275.6,2.5,0,3.180374,1,55.7,0,4,0
2022/05/27 18:33:38,696,698,196.8,3.5,275.5,2.5,0,3.178717,1,55.6,0,4,0
2022/05/27 18:33:38,696,698,196.8,3.5,275.5,2.5,0,3.178717,1,55.6,0,4,0
2022/05/27 18:33:38,696,698,196.8,3.5,275.5,2.5,0,3.178717,1,55.6,0,4,0
2022/05/27 18:33:38,697,698,196.7,3.5,275.3,2.5,0,3.17454,1,55.6,0,4,0
2022/05/27 18:33:39,696,698,196.8,3.5,275.3,2.5,0,3.178764,1,55.6,0,4,0
2022/05/27 18:33:39,696,698,196.8,3.5,275.3,2.5,0,3.178764,1,55.6,0,4,0
2022/05/27 18:33:39,0,157,0,0,0,0,0,0,0,0,0,7,0
2022/05/27 18:33:39,0,157,0,0,0,0,0,0,0,0,0,1,0
2022/05/27 18:33:39,0,157,0,0,0,0,0,0,0,0,0,1,0
2022/05/27 18:33:40,0,157,0,0,0,0,0,0,0,0,0,1,0
2022/05/27 18:33:40,0,0,0,0,0,0,0,0,0,0,0,1,0
2022/05/27 18:33:40,0,0,0,0,0,0,0,0,0,0,0,1,0
2022/05/27 18:33:40,0,0,0,0,0,0,0,0,0,0,0,1,0
2022/05/27 18:33:41,0,0,0,0,0,0,0,0,0,0,0,1,0
2022/05/27 18:33:41,0,0,0,0,0,0,0,0,0,0,0,1,0
2022/05/27 18:33:41,0,0,0,0,0,0,0,0,0,0,0,1,0
2022/05/27 18:33:42,0,0,0,0,0,0,0,0,0,0,0,1,0
2022/05/27 18:33:42,0,0,0,0,0,0,0,0,0,0,0,1,0
2022/05/27 18:33:42,0,0,0,0,0,0,0,0,0,0,0,1,0
2022/05/27 18:33:42,0,0,0,0,0,0,0,0,0,0,0,1,0
2022/05/27 18:33:43,0,0,0,0,0,0,0,0,0,0,0,1,0
2022/05/27 18:33:43,0,0,0,0,0,0,0,0,0,0,0,1,0
2022/05/27 18:33:43,0,0,0,0,0,0,0,0,0,0,0,1,0
2022/05/27 18:33:43,0,0,0,0,0,0,0,0,0,0,0,1,0
2022/05/27 18:33:44,0,0,0,0,0,0,0,0,0,0,0,1,0
2022/05/27 18:33:44,0,0,0,0,0,0,0,0,0,0,0,1,0
2022/05/27 18:33:44,0,0,0,0,0,0,0,0,0,0,0,1,0
2022/05/27 18:33:44,0,1,0,0,0,0,0,0,0,0,0,1,0
2022/05/27 18:33:45,0,0,0,0,0,0,0,0,0,0,0,1,0
2022/05/27 18:33:45,0,0,0,0,0,0,0,0,0,0,0,1,0
2022/05/27 18:33:45,0,0,0,0,0,0,0,0,0,0,0,1,0
2022/05/27 18:33:45,0,0,0,0,0,0,0,0,0,0,0,1,0
2022/05/27 18:33:46,0,0,0,0,0,0,0,0,0,0,0,1,0
2022/05/27 18:33:46,0,0,0,0,0,0,0,0,0,0,0,1,0
2022/05/27 18:33:46,0,0,0,0,0,0,0,0,0,0,0,1,0
2022/05/27 18:33:46,0,0,0,0,0,0,0,0,0,0,0,1,0
2022/05/27 18:33:47,0,0,0,0,0,0,0,0,0,0,0,1,0
2022/05/27 18:33:47,0,1,0,0,0,0,0,0,0,0,0,1,0
2022/05/27 18:33:47,0,0,0,0,0,0,0,0,0,0,0,1,0
2022/05/27 18:33:47,0,0,0,0,0,0,0,0,0,0,0,1,0
2022/05/27 18:33:48,0,0,0,0,0,0,0,0,0,0,0,1,0
2022/05/27 18:33:48,0,0,0,0,0,0,0,0,0,0,0,1,0
2022/05/27 18:33:48,0,0,0,0,0,0,0,0,0,0,0,1,0
2022/05/27 18:33:48,0,0,0,0,0,0,0,0,0,0,0,1,0
2022/05/27 18:33:49,0,0,0,0,0,0,0,0,0,0,0,1,0
2022/05/27 18:33:49,0,1,0,0,0,0,0,0,0,0,0,1,0
2022/05/27 18:33:49,0,1,0,0,0,0,0,0,0,0,0,1,0
2022/05/27 18:33:49,0,1,0,0,0,0,0,0,0,0,0,1,0
2022/05/27 18:33:50,0,0,0,0,0,0,0,0,0,0,0,1,0
2022/05/27 18:33:50,0,0,0,0,0,0,0,0,0,0,0,1,0
2022/05/27 18:33:50,0,0,0,0,0,0,0,0,0,0,0,1,0
2022/05/27 18:33:50,0,0,0,0,0,0,0,0,0,0,0,1,0
2022/05/27 18:33:51,0,1,0,0,0,0,0,0,0,0,0,1,0
2022/05/27 18:33:51,0,0,0,0,0,0,0,0,0,0,0,1,0
2022/05/27 18:33:51,0,0,0,0,0,0,0,0,0,0,0,1,0
2022/05/27 18:33:51,0,0,0,0,0,0,0,0,0,0,0,1,0
2022/05/27 18:33:52,0,0,0,0,0,0,0,0,0,0,0,1,0
2022/05/27 18:33:52,0,0,0,0,0,0,0,0,0,0,0,1,0
2022/05/27 18:33:52,0,0,0,0,0,0,0,0,0,0,0,1,0
2022/05/27 18:33:52,0,0,0,0,0,0,0,0,0,0,0,1,0
2022/05/27 18:33:53,0,0,0,0,0,0,0,0,0,0,0,1,0
2022/05/27 18:33:53,0,0,0,0,0,0,0,0,0,0,0,1,0
2022/05/27 18:33:53,0,0,0,0,0,0,0,0,0,0,0,1,0
2022/05/27 18:33:53,0,0,0,0,0,0,0,0,0,0,0,1,0
2022/05/27 18:33:54,0,0,0,0,0,0,0,0,0,0,0,1,0
2022/05/27 18:33:54,0,0,0,0,0,0,0,0,0,0,0,1,0
2022/05/27 18:33:54,0,0,0,0,0,0,0,0,0,0,0,1,0
2022/05/27 18:33:54,0,1,0,0,0,0,0,0,0,0,0,1,0
2022/05/27 18:33:55,0,0,0,0,0,0,0,0,0,0,0,1,0
2022/05/27 18:33:55,0,0,0,0,0,0,0,0,0,0,0,1,0
2022/05/27 18:33:55,0,0,0,0,0,0,0,0,0,0,0,1,0
2022/05/27 18:33:55,0,0,0,0,0,0,0,0,0,0,0,1,0
2022/05/27 18:33:56,0,0,0,0,0,0,0,0,0,0,0,1,0
2022/05/27 18:33:56,0,0,0,0,0,0,0,0,0,0,0,1,0
2022/05/27 18:33:56,0,0,0,0,0,0,0,0,0,0,0,1,0
2022/05/27 18:33:56,0,0,0,0,0,0,0,0,0,0,0,1,0
2022/05/27 18:33:57,0,0,0,0,0,0,0,0,0,0,0,1,0
2022/05/27 18:33:57,0,0,0,0,0,0,0,0,0,0,0,1,0
2022/05/27 18:33:57,0,0,0,0,0,0,0,0,0,0,0,1,0
2022/05/27 18:33:57,0,0,0,0,0,0,0,0,0,0,0,1,0
2022/05/27 18:33:57,0,0,0,0,0,0,0,0,0,0,0,1,0
2022/05/27 18:33:58,0,0,0,0,0,0,0,0,0,0,0,1,0
2022/05/27 18:33:58,0,0,0,0,0,0,0,0,0,0,0,1,0
2022/05/27 18:33:58,0,0,0,0,0,0,0,0,0,0,0,1,0
2022/05/27 18:33:58,0,0,0,0,0,0,0,0,0,0,0,1,0
2022/05/27 18:33:59,0,0,0,0,0,0,0,0,0,0,0,1,0
2022/05/27 18:33:59,0,0,0,0,0,0,0,0,0,0,0,2,0
2022/05/27 18:33:59,0,0,0,0,0,0,0,0,0,0,0,2,0
2022/05/27 18:33:59,0,401,0,0,0,0,0,0,0,0,0,2,0
2022/05/27 18:34:00,0,698,0,0,0,0,0,0,0,0,0,4,0
2022/05/27 18:34:00,0,698,0,0,0,0,0,0,0,0,0,4,0
2022/05/27 18:34:00,0,698,0,0,0,0,0,0,0,0,0,4,0
2022/05/27 18:34:00,0,697,0,0,0,0,0,0,0,0,0,4,0
2022/05/27 18:34:01,0,697,0,0,0,0,0,0,0,0,0,4,0
2022/05/27 18:34:01,0,697,0,0,0,0,0,0,0,0,0,4,0
2022/05/27 18:34:01,0,697,0,0,0,0,0,0,0,0,0,4,0
2022/05/27 18:34:01,0,698,0,0,0,0,0,0,0,0,0,4,0
2022/05/27 18:34:02,0,698,196.8,3.5,0,0,0,0,1,55.5,0,4,0
2022/05/27 18:34:02,0,698,196.8,3.5,0,0,0,0,1,55.5,0,4,0
2022/05/27 18:34:02,698,697,197,3.5,275.3,2.5,0,3.180367,1,55.6,0,4,0
2022/05/27 18:34:02,697,697,197.2,3.5,275.5,2.5,0,3.181674,1,55.8,0,4,0
2022/05/27 18:34:03,696,697,197.1,3.5,275.6,2.5,0,3.179693,1,55.8,0,4,0
2022/05/27 18:34:03,696,697,197.1,3.5,275.6,2.5,0,3.179693,1,55.8,0,4,0
2022/05/27 18:34:03,696,697,197,3.5,275.7,2.5,0,3.181359,1,55.8,0,4,0
2022/05/27 18:34:03,696,697,197.1,3.5,275.8,2.5,0,3.179998,1,55.8,0,4,0
2022/05/27 18:34:04,696,697,197.2,3.5,275.9,2.5,0,3.181575,1,55.8,0,4,0
2022/05/27 18:34:04,696,697,197.2,3.5,276,2.5,0,3.179703,1,55.8,0,4,0
2022/05/27 18:34:04,696,697,197.2,3.5,276,2.5,0,3.179703,1,55.8,0,4,0
2022/05/27 18:34:05,697,697,197.2,3.5,276,2.5,0,3.180507,1,55.8,0,4,0
2022/05/27 18:34:05,697,697,197.2,3.5,276,2.5,0,3.180653,1,55.8,0,4,0
2022/05/27 18:34:05,697,698,197.3,3.5,276.1,2.5,0,3.179432,1,55.8,0,4,0
2022/05/27 18:34:05,697,698,197.3,3.5,276.1,2.5,0,3.179432,1,55.8,0,4,0
2022/05/27 18:34:05,697,698,197.3,3.5,276.1,2.5,0,3.179054,1,55.8,0,4,0
2022/05/27 18:34:06,697,697,197.3,3.5,276.2,2.5,0,3.179804,1,55.8,0,4,0
2022/05/27 18:34:06,697,697,197.3,3.5,276.2,2.5,0,3.179804,1,55.8,0,4,0
2022/05/27 18:34:06,697,697,197.3,3.5,276.2,2.5,0,3.179804,1,55.8,0,4,0
2022/05/27 18:34:06,696,697,197.3,3.5,276.1,2.5,0,3.174486,1,55.9,0,4,0
2022/05/27 18:34:07,697,698,197.2,3.5,276,2.5,0,3.175857,1,55.9,0,4,0
2022/05/27 18:34:07,697,698,197.2,3.5,276,2.5,0,3.175857,1,55.9,0,4,0
2022/05/27 18:34:07,697,698,197.2,3.5,276,2.5,0,3.175857,1,55.9,0,4,0
2022/05/27 18:34:07,696,697,197.2,3.5,276,2.5,0,3.178931,1,55.8,0,4,0
2022/05/27 18:34:08,697,698,197.1,3.5,275.9,2.5,0,3.176404,1,55.8,0,4,0
2022/05/27 18:34:08,696,697,197.1,3.5,275.8,2.5,0,3.176671,1,55.8,0,4,0
2022/05/27 18:34:08,696,697,197.1,3.5,275.8,2.5,0,3.176671,1,55.8,0,4,0
2022/05/27 18:34:09,696,697,197.1,3.5,275.8,2.5,0,3.176671,1,55.8,0,4,0
2022/05/27 18:34:09,697,698,197.1,3.5,275.9,2.5,0,3.178894,1,55.8,0,4,0
2022/05/27 18:34:09,696,697,197.2,3.5,276,2.5,0,3.174696,1,55.9,0,4,0
2022/05/27 18:34:09,696,697,197.2,3.5,276,2.5,0,3.174696,1,55.9,0,4,0
2022/05/27 18:34:10,696,697,197.2,3.5,276,2.5,0,3.174696,1,55.9,0,4,0
2022/05/27 18:34:10,696,697,197.2,3.5,275.9,2.5,0,3.175004,1,55.8,0,4,0
2022/05/27 18:34:10,696,697,197.1,3.5,275.8,2.5,0,3.173975,1,55.8,0,4,0
2022/05/27 18:34:10,696,697,197.1,3.5,275.8,2.5,0,3.173975,1,55.8,0,4,0
2022/05/27 18:34:11,696,697,197.1,3.5,275.8,2.5,0,3.173975,1,55.8,0,4,0
2022/05/27 18:34:11,696,697,197.1,3.5,275.8,2.5,0,3.175019,1,55.8,0,4,0
2022/05/27 18:34:11,696,697,197.1,3.5,275.8,2.5,0,3.174695,1,55.8,0,4,0
2022/05/27 18:34:11,696,697,197.1,3.5,275.8,2.5,0,3.174695,1,55.8,0,4,0
2022/05/27 18:34:11,696,697,197.1,3.5,275.8,2.5,0,3.177845,1,55.8,0,4,0
2022/05/27 18:34:12,696,697,197,3.5,275.8,2.5,0,3.174515,1,55.8,0,4,0
2022/05/27 18:34:12,696,697,197,3.5,275.8,2.5,0,3.174515,1,55.8,0,4,0
2022/05/27 18:34:12,696,697,197,3.5,275.8,2.5,0,3.174515,1,55.8,0,4,0
2022/05/27 18:34:13,696,697,196.9,3.5,275.6,2.5,0,3.174773,1,55.7,0,4,0
2022/05/27 18:34:13,696,697,196.9,3.5,275.6,2.5,0,3.174773,1,55.7,0,4,0
2022/05/27 18:34:13,696,697,196.9,3.5,275.6,2.5,0,3.174773,1,55.7,0,4,0
2022/05/27 18:34:13,697,698,197.1,3.5,275.5,2.5,0,3.179843,1,55.7,0,4,0
2022/05/27 18:34:14,697,698,197.1,3.5,275.5,2.5,0,3.179843,1,55.7,0,4,0
2022/05/27 18:34:14,697,698,197.1,3.5,275.5,2.5,0,3.179843,1,55.7,0,4,0
2022/05/27 18:34:14,697,697,197.6,3.5,275.5,2.5,0,3.175815,1,56,0,4,0
2022/05/27 18:34:14,697,697,197.7,3.5,275.6,2.5,0,3.174191,1,56,0,4,0
2022/05/27 18:34:15,697,697,197.7,3.5,275.6,2.5,0,3.174191,1,56,0,4,0
2022/05/27 18:34:15,697,697,197.7,3.5,275.6,2.5,0,3.17381,1,56.1,0,4,0
2022/05/27 18:34:15,697,697,197.7,3.5,275.6,2.5,0,3.178781,1,56,0,4,0
2022/05/27 18:34:15,697,697,197.7,3.5,275.6,2.5,0,3.179298,1,56,0,4,0
2022/05/27 18:34:15,697,697,197.7,3.5,275.6,2.5,0,3.179298,1,56,0,4,0
2022/05/27 18:34:16,684,676,0,0,275.6,0,0,0,0,0,0,7,0
2022/05/27 18:34:16,0,52,0,0,0,0,0,0,0,0,0,1,0
2022/05/27 18:34:16,0,0,0,0,0,0,0,0,0,0,0,1,0
2022/05/27 18:34:17,0,0,0,0,0,0,0,0,0,0,0,1,0
2022/05/27 18:34:17,0,0,0,0,0,0,0,0,0,0,0,1,0
2022/05/27 18:34:17,0,0,0,0,0,0,0,0,0,0,0,1,0
2022/05/27 18:34:17,0,0,0,0,0,0,0,0,0,0,0,1,0
2022/05/27 18:34:18,0,0,0,0,0,0,0,0,0,0,0,1,0
2022/05/27 18:34:18,0,0,0,0,0,0,0,0,0,0,0,1,0
2022/05/27 18:34:18,0,0,0,0,0,0,0,0,0,0,0,1,0
2022/05/27 18:34:18,0,0,0,0,0,0,0,0,0,0,0,1,0
2022/05/27 18:34:19,0,0,0,0,0,0,0,0,0,0,0,1,0
2022/05/27 18:34:19,0,0,0,0,0,0,0,0,0,0,0,1,0
2022/05/27 18:34:19,0,0,0,0,0,0,0,0,0,0,0,1,0
2022/05/27 18:34:19,0,0,0,0,0,0,0,0,0,0,0,1,0
2022/05/27 18:34:20,0,0,0,0,0,0,0,0,0,0,0,1,0
2022/05/27 18:34:20,0,0,0,0,0,0,0,0,0,0,0,1,0
2022/05/27 18:34:20,0,0,0,0,0,0,0,0,0,0,0,1,0
2022/05/27 18:34:20,0,0,0,0,0,0,0,0,0,0,0,1,0
2022/05/27 18:34:21,0,0,0,0,0,0,0,0,0,0,0,1,0
2022/05/27 18:34:21,0,0,0,0,0,0,0,0,0,0,0,1,0
2022/05/27 18:34:21,0,0,0,0,0,0,0,0,0,0,0,1,0
2022/05/27 18:34:21,0,0,0,0,0,0,0,0,0,0,0,1,0
2022/05/27 18:34:22,0,0,0,0,0,0,0,0,0,0,0,1,0
2022/05/27 18:34:22,0,0,0,0,0,0,0,0,0,0,0,1,0
2022/05/27 18:34:22,0,0,0,0,0,0,0,0,0,0,0,1,0
2022/05/27 18:34:22,0,0,0,0,0,0,0,0,0,0,0,1,0
2022/05/27 18:34:23,0,0,0,0,0,0,0,0,0,0,0,1,0
2022/05/27 18:34:23,0,0,0,0,0,0,0,0,0,0,0,1,0
2022/05/27 18:34:23,0,1,0,0,0,0,0,0,0,0,0,1,0
2022/05/27 18:34:23,0,0,0,0,0,0,0,0,0,0,0,1,0
2022/05/27 18:34:24,0,0,0,0,0,0,0,0,0,0,0,1,0
2022/05/27 18:34:24,0,0,0,0,0,0,0,0,0,0,0,1,0
2022/05/27 18:34:24,0,0,0,0,0,0,0,0,0,0,0,1,0
2022/05/27 18:34:24,0,0,0,0,0,0,0,0,0,0,0,1,0
2022/05/27 18:34:25,0,0,0,0,0,0,0,0,0,0,0,1,0
2022/05/27 18:34:25,0,0,0,0,0,0,0,0,0,0,0,1,0
2022/05/27 18:34:25,0,0,0,0,0,0,0,0,0,0,0,1,0
2022/05/27 18:34:25,0,1,0,0,0,0,0,0,0,0,0,1,0
2022/05/27 18:34:26,0,1,0,0,0,0,0,0,0,0,0,1,0
2022/05/27 18:34:26,0,1,0,0,0,0,0,0,0,0,0,1,0
2022/05/27 18:34:26,0,0,0,0,0,0,0,0,0,0,0,1,0
2022/05/27 18:34:26,0,0,0,0,0,0,0,0,0,0,0,1,0
2022/05/27 18:34:27,0,0,0,0,0,0,0,0,0,0,0,1,0
2022/05/27 18:34:27,0,0,0,0,0,0,0,0,0,0,0,1,0
2022/05/27 18:34:27,0,0,0,0,0,0,0,0,0,0,0,1,0
2022/05/27 18:34:27,0,0,0,0,0,0,0,0,0,0,0,1,0
2022/05/27 18:34:27,0,0,0,0,0,0,0,0,0,0,0,1,0
2022/05/27 18:34:28,0,1,0,0,0,0,0,0,0,0,0,1,0
2022/05/27 18:34:28,0,1,0,0,0,0,0,0,0,0,0,1,0
2022/05/27 18:34:28,0,1,0,0,0,0,0,0,0,0,0,1,0
2022/05/27 18:34:28,0,0,0,0,0,0,0,0,0,0,0,1,0
2022/05/27 18:34:29,0,0,0,0,0,0,0,0,0,0,0,1,0
2022/05/27 18:34:29,0,0,0,0,0,0,0,0,0,0,0,1,0
2022/05/27 18:34:29,0,0,0,0,0,0,0,0,0,0,0,1,0
2022/05/27 18:34:29,0,1,0,0,0,0,0,0,0,0,0,1,0
2022/05/27 18:34:30,0,1,0,0,0,0,0,0,0,0,0,1,0
2022/05/27 18:34:30,0,1,0,0,0,0,0,0,0,0,0,1,0
2022/05/27 18:34:30,0,0,0,0,0,0,0,0,0,0,0,1,0
2022/05/27 18:34:30,0,0,0,0,0,0,0,0,0,0,0,1,0
2022/05/27 18:34:31,0,0,0,0,0,0,0,0,0,0,0,1,0
2022/05/27 18:34:31,0,0,0,0,0,0,0,0,0,0,0,1,0
2022/05/27 18:34:31,0,0,0,0,0,0,0,0,0,0,0,1,0
2022/05/27 18:34:31,0,0,0,0,0,0,0,0,0,0,0,1,0
2022/05/27 18:34:32,0,0,0,0,0,0,0,0,0,0,0,1,0
2022/05/27 18:34:32,0,0,0,0,0,0,0,0,0,0,0,1,0
2022/05/27 18:34:32,0,0,0,0,0,0,0,0,0,0,0,1,0
2022/05/27 18:34:32,0,0,0,0,0,0,0,0,0,0,0,1,0
2022/05/27 18:34:32,0,0,0,0,0,0,0,0,0,0,0,1,0
2022/05/27 18:34:33,0,0,0,0,0,0,0,0,0,0,0,1,0
2022/05/27 18:34:33,0,0,0,0,0,0,0,0,0,0,0,1,0
2022/05/27 18:34:33,0,0,0,0,0,0,0,0,0,0,0,1,0
2022/05/27 18:34:33,0,0,0,0,0,0,0,0,0,0,0,1,0
2022/05/27 18:34:34,0,0,0,0,0,0,0,0,0,0,0,1,0
2022/05/27 18:34:34,0,0,0,0,0,0,0,0,0,0,0,1,0
2022/05/27 18:34:34,0,0,0,0,0,0,0,0,0,0,0,1,0
2022/05/27 18:34:34,0,0,0,0,0,0,0,0,0,0,0,1,0
2022/05/27 18:34:35,0,0,0,0,0,0,0,0,0,0,0,1,0
2022/05/27 18:34:35,0,0,0,0,0,0,0,0,0,0,0,1,0
2022/05/27 18:34:35,0,0,0,0,0,0,0,0,0,0,0,1,0
2022/05/27 18:34:35,0,0,0,0,0,0,0,0,0,0,0,1,0
2022/05/27 18:34:36,0,1,0,0,0,0,0,0,0,0,0,2,0
2022/05/27 18:34:36,0,21,0,0,0,0,0,0,0,0,0,2,0
2022/05/27 18:34:36,0,21,0,0,0,0,0,0,0,0,0,2,0
2022/05/27 18:34:36,0,21,0,0,0,0,0,0,0,0,0,2,0
2022/05/27 18:34:37,0,21,0,0,0,0,0,0,0,0,0,2,0
2022/05/27 18:34:37,0,697,0,0,0,0,0,0,0,0,0,4,0
2022/05/27 18:34:37,0,697,0,0,0,0,0,0,0,0,0,4,0
2022/05/27 18:34:37,0,697,0,0,0,0,0,0,0,0,0,4,0
2022/05/27 18:34:38,0,697,0,0,0,0,0,0,0,0,0,4,0
2022/05/27 18:34:38,0,697,0,0,0,0,0,0,0,0,0,4,0
2022/05/27 18:34:38,0,697,0,0,0,0,0,0,0,0,0,4,0
2022/05/27 18:34:38,0,697,0,0,0,0,0,0,0,0,0,4,0
2022/05/27 18:34:39,0,697,0,0,0,0,0,0,0,0,0,4,0
2022/05/27 18:34:39,698,698,197,3.5,275.6,2.5,0,3.177127,1,55.6,0,4,0
2022/05/27 18:34:39,697,698,197.1,3.5,275.7,2.5,0,3.179529,1,55.7,0,4,0
2022/05/27 18:34:39,697,698,197.1,3.5,275.7,2.5,0,3.179529,1,55.7,0,4,0
2022/05/27 18:34:40,698,697,197.7,3.5,275.8,2.5,0,3.180348,1,56.1,0,4,0
2022/05/27 18:34:40,698,698,197.9,3.5,275.9,2.5,0,3.176329,1,56.1,0,4,0
2022/05/27 18:34:40,698,697,197.9,3.5,275.9,2.5,0,3.175022,1,56.1,0,4,0
2022/05/27 18:34:40,698,697,197.9,3.5,275.9,2.5,0,3.175022,1,56.1,0,4,0
2022/05/27 18:34:41,698,697,197.8,3.5,276,2.5,0,3.179298,1,56,0,4,0
2022/05/27 18:34:41,698,697,197.8,3.5,276.1,2.5,0,3.18084,1,56.1,0,4,0
2022/05/27 18:34:41,698,697,197.9,3.5,276,2.5,0,3.179422,1,56.1,0,4,0
2022/05/27 18:34:41,698,697,197.9,3.5,276,2.5,0,3.179422,1,56.1,0,4,0
2022/05/27 18:34:42,698,697,197.9,3.5,275.9,2.5,0,3.180232,1,56.1,0,4,0
2022/05/27 18:34:42,698,697,197.8,3.5,275.7,2.5,0,3.176698,1,56.1,0,4,0
2022/05/27 18:34:42,697,697,197.7,3.5,275.6,2.5,0,3.180207,1,56,0,4,0
2022/05/27 18:34:42,697,697,197.7,3.5,275.6,2.5,0,3.180207,1,56,0,4,0
2022/05/27 18:34:43,697,697,197.6,3.5,275.5,2.5,0,3.179704,1,56,0,4,0
2022/05/27 18:34:43,697,698,197.6,3.5,275.5,2.5,0,3.178221,1,55.9,0,4,0
2022/05/27 18:34:43,697,697,197.6,3.5,275.5,2.5,0,3.178762,1,56,0,4,0
2022/05/27 18:34:43,697,697,197.6,3.5,275.5,2.5,0,3.178762,1,56,0,4,0
2022/05/27 18:34:44,697,697,197.6,3.5,275.5,2.5,0,3.178762,1,56,0,4,0
2022/05/27 18:34:44,697,698,197.6,3.5,275.4,2.5,0,3.177166,1,56,0,4,0
2022/05/27 18:34:44,697,697,197.5,3.5,275.4,2.5,0,3.176299,1,56,0,4,0
2022/05/27 18:34:44,697,697,197.5,3.5,275.4,2.5,0,3.176299,1,56,0,4,0
2022/05/27 18:34:45,697,697,197.5,3.5,275.4,2.5,0,3.176299,1,56,0,4,0
2022/05/27 18:34:45,697,697,197.6,3.5,275.4,2.5,0,3.178221,1,56,0,4,0
2022/05/27 18:34:45,697,697,197.6,3.5,275.4,2.5,0,3.179827,1,56,0,4,0
2022/05/27 18:34:45,697,697,197.6,3.5,275.4,2.5,0,3.179827,1,56,0,4,0
2022/05/27 18:34:46,697,698,197.6,3.5,275.4,2.5,0,3.178224,1,56,0,4,0
2022/05/27 18:34:46,697,698,197.6,3.5,275.5,2.5,0,3.17771,1,56,0,4,0
2022/05/27 18:34:46,697,697,197.6,3.5,275.4,2.5,0,3.175053,1,56,0,4,0
2022/05/27 18:34:46,696,697,197.5,3.5,275.4,2.5,0,3.179824,1,56,0,4,0
2022/05/27 18:34:47,696,697,197.5,3.5,275.4,2.5,0,3.179824,1,56,0,4,0
2022/05/27 18:34:47,696,697,197.5,3.5,275.4,2.5,0,3.179824,1,56,0,4,0
2022/05/27 18:34:47,696,697,197.4,3.5,275.2,2.5,0,3.175447,1,56,0,4,0
2022/05/27 18:34:47,696,697,197.4,3.5,275.2,2.5,0,3.175447,1,56,0,4,0
2022/05/27 18:34:48,696,697,197.4,3.5,275.2,2.5,0,3.175447,1,56,0,4,0
2022/05/27 18:34:48,696,697,197.5,3.5,275.3,2.5,0,3.175087,1,56,0,4,0
2022/05/27 18:34:48,696,697,197.6,3.5,275.4,2.5,0,3.178231,1,56,0,4,0
2022/05/27 18:34:48,696,697,197.6,3.5,275.4,2.5,0,3.178231,1,56,0,4,0
2022/05/27 18:34:49,697,697,197.6,3.5,275.5,2.5,0,3.174182,1,56,0,4,0
2022/05/27 18:34:49,697,698,197.7,3.5,275.6,2.5,0,3.176861,1,56.1,0,4,0
2022/05/27 18:34:49,697,698,197.7,3.5,275.6,2.5,0,3.176861,1,56.1,0,4,0
2022/05/27 18:34:49,697,698,197.7,3.5,275.6,2.5,0,3.176861,1,56.1,0,4,0
2022/05/27 18:34:50,698,697,197.8,3.5,275.8,2.5,0,3.174841,1,56.1,0,4,0
2022/05/27 18:34:50,698,697,197.9,3.5,275.8,2.5,0,3.174686,1,56.1,0,4,0
2022/05/27 18:34:50,698,697,197.9,3.5,275.8,2.5,0,3.174686,1,56.1,0,4,0
2022/05/27 18:34:50,698,697,197.9,3.5,275.9,2.5,0,3.179833,1,56.1,0,4,0
2022/05/27 18:34:51,698,698,198,3.5,276,2.5,0,3.175803,1,56.1,0,4,0
2022/05/27 18:34:51,698,697,198,3.5,276,2.5,0,3.174007,1,56.2,0,4,0
2022/05/27 18:34:51,698,697,198,3.5,276,2.5,0,3.174007,1,56.2,0,4,0
2022/05/27 18:34:51,698,697,198,3.5,276,2.5,0,3.174183,1,56.1,0,4,0
2022/05/27 18:34:52,698,698,198,3.5,276,2.5,0,3.177738,1,56.1,0,4,0
2022/05/27 18:34:52,698,698,198,3.5,276,2.5,0,3.174396,1,56.1,0,4,0
2022/05/27 18:34:52,698,698,198,3.5,276,2.5,0,3.174396,1,56.1,0,4,0
2022/05/27 18:34:52,698,698,198,3.5,276,2.5,0,3.174396,1,56.1,0,4,0
2022/05/27 18:34:53,698,696,198,3.5,276,2.5,0,3.173454,1,56.2,0,4,0
2022/05/27 18:34:53,0,192,0,0,0,0,0,0,0,0,0,7,0
2022/05/27 18:34:53,0,192,0,0,0,0,0,0,0,0,0,7,0
2022/05/27 18:34:53,0,192,0,0,0,0,0,0,0,0,0,7,0
2022/05/27 18:34:54,0,0,0,0,0,0,0,0,0,0,0,1,0
2022/05/27 18:34:54,0,0,0,0,0,0,0,0,0,0,0,1,0
2022/05/27 18:34:54,0,0,0,0,0,0,0,0,0,0,0,1,0
2022/05/27 18:34:54,0,0,0,0,0,0,0,0,0,0,0,1,0
2022/05/27 18:34:55,0,0,0,0,0,0,0,0,0,0,0,1,0
2022/05/27 18:34:55,0,0,0,0,0,0,0,0,0,0,0,1,0
2022/05/27 18:34:55,0,1,0,0,0,0,0,0,0,0,0,1,0
2022/05/27 18:34:55,0,1,0,0,0,0,0,0,0,0,0,1,0
2022/05/27 18:34:56,0,1,0,0,0,0,0,0,0,0,0,1,0
2022/05/27 18:34:56,0,1,0,0,0,0,0,0,0,0,0,1,0
2022/05/27 18:34:56,0,0,0,0,0,0,0,0,0,0,0,1,0
2022/05/27 18:34:56,0,0,0,0,0,0,0,0,0,0,0,1,0
2022/05/27 18:34:57,0,0,0,0,0,0,0,0,0,0,0,1,0
2022/05/27 18:34:57,0,0,0,0,0,0,0,0,0,0,0,1,0
2022/05/27 18:34:57,0,1,0,0,0,0,0,0,0,0,0,1,0
2022/05/27 18:34:57,0,0,0,0,0,0,0,0,0,0,0,1,0
2022/05/27 18:34:58,0,0,0,0,0,0,0,0,0,0,0,1,0
2022/05/27 18:34:58,0,0,0,0,0,0,0,0,0,0,0,1,0
2022/05/27 18:34:58,0,0,0,0,0,0,0,0,0,0,0,1,0
2022/05/27 18:34:58,0,0,0,0,0,0,0,0,0,0,0,1,0
2022/05/27 18:34:59,0,0,0,0,0,0,0,0,0,0,0,1,0
2022/05/27 18:34:59,0,0,0,0,0,0,0,0,0,0,0,1,0
2022/05/27 18:34:59,0,0,0,0,0,0,0,0,0,0,0,1,0
2022/05/27 18:34:59,0,0,0,0,0,0,0,0,0,0,0,1,0
2022/05/27 18:35:00,0,0,0,0,0,0,0,0,0,0,0,1,0
2022/05/27 18:35:00,0,0,0,0,0,0,0,0,0,0,0,1,0
2022/05/27 18:35:00,0,0,0,0,0,0,0,0,0,0,0,1,0
2022/05/27 18:35:00,0,0,0,0,0,0,0,0,0,0,0,1,0
2022/05/27 18:35:01,0,0,0,0,0,0,0,0,0,0,0,1,0
2022/05/27 18:35:01,0,0,0,0,0,0,0,0,0,0,0,1,0
2022/05/27 18:35:01,0,0,0,0,0,0,0,0,0,0,0,1,0
2022/05/27 18:35:01,0,0,0,0,0,0,0,0,0,0,0,1,0
2022/05/27 18:35:02,0,0,0,0,0,0,0,0,0,0,0,1,0
2022/05/27 18:35:02,0,1,0,0,0,0,0,0,0,0,0,1,0
2022/05/27 18:35:02,0,0,0,0,0,0,0,0,0,0,0,1,0
2022/05/27 18:35:02,0,0,0,0,0,0,0,0,0,0,0,1,0
2022/05/27 18:35:03,0,0,0,0,0,0,0,0,0,0,0,1,0
2022/05/27 18:35:03,0,0,0,0,0,0,0,0,0,0,0,1,0
2022/05/27 18:35:03,0,0,0,0,0,0,0,0,0,0,0,1,0
2022/05/27 18:35:03,0,0,0,0,0,0,0,0,0,0,0,1,0
2022/05/27 18:35:04,0,0,0,0,0,0,0,0,0,0,0,1,0
2022/05/27 18:35:04,0,1,0,0,0,0,0,0,0,0,0,1,0
2022/05/27 18:35:04,0,0,0,0,0,0,0,0,0,0,0,1,0
2022/05/27 18:35:04,0,0,0,0,0,0,0,0,0,0,0,1,0
2022/05/27 18:35:05,0,0,0,0,0,0,0,0,0,0,0,1,0
2022/05/27 18:35:05,0,0,0,0,0,0,0,0,0,0,0,1,0
2022/05/27 18:35:05,0,0,0,0,0,0,0,0,0,0,0,1,0
2022/05/27 18:35:05,0,1,0,0,0,0,0,0,0,0,0,1,0
2022/05/27 18:35:06,0,1,0,0,0,0,0,0,0,0,0,1,0
2022/05/27 18:35:06,0,1,0,0,0,0,0,0,0,0,0,1,0
2022/05/27 18:35:06,0,0,0,0,0,0,0,0,0,0,0,1,0
2022/05/27 18:35:06,0,0,0,0,0,0,0,0,0,0,0,1,0
2022/05/27 18:35:07,0,0,0,0,0,0,0,0,0,0,0,1,0
2022/05/27 18:35:07,0,0,0,0,0,0,0,0,0,0,0,1,0
2022/05/27 18:35:07,0,0,0,0,0,0,0,0,0,0,0,1,0
2022/05/27 18:35:07,0,0,0,0,0,0,0,0,0,0,0,1,0
2022/05/27 18:35:08,0,0,0,0,0,0,0,0,0,0,0,1,0
2022/05/27 18:35:08,0,0,0,0,0,0,0,0,0,0,0,1,0
2022/05/27 18:35:08,0,0,0,0,0,0,0,0,0,0,0,1,0
2022/05/27 18:35:08,0,0,0,0,0,0,0,0,0,0,0,1,0
2022/05/27 18:35:09,0,0,0,0,0,0,0,0,0,0,0,1,0
2022/05/27 18:35:09,0,1,0,0,0,0,0,0,0,0,0,1,0
2022/05/27 18:35:09,0,0,0,0,0,0,0,0,0,0,0,1,0
2022/05/27 18:35:09,0,0,0,0,0,0,0,0,0,0,0,1,0
2022/05/27 18:35:10,0,1,0,0,0,0,0,0,0,0,0,1,0
2022/05/27 18:35:10,0,0,0,0,0,0,0,0,0,0,0,1,0
2022/05/27 18:35:10,0,0,0,0,0,0,0,0,0,0,0,1,0
2022/05/27 18:35:10,0,0,0,0,0,0,0,0,0,0,0,1,0
2022/05/27 18:35:10,0,0,0,0,0,0,0,0,0,0,0,1,0
2022/05/27 18:35:11,0,0,0,0,0,0,0,0,0,0,0,1,0
2022/05/27 18:35:11,0,0,0,0,0,0,0,0,0,0,0,1,0
2022/05/27 18:35:11,0,0,0,0,0,0,0,0,0,0,0,1,0
2022/05/27 18:35:11,0,1,0,0,0,0,0,0,0,0,0,1,0
2022/05/27 18:35:12,0,1,0,0,0,0,0,0,0,0,0,1,0
2022/05/27 18:35:12,0,0,0,0,0,0,0,0,0,0,0,1,0
2022/05/27 18:35:12,0,0,0,0,0,0,0,0,0,0,0,1,0
2022/05/27 18:35:13,0,0,0,0,0,0,0,0,0,0,0,1,0
2022/05/27 18:35:13,0,0,0,0,0,0,0,0,0,0,0,1,0
2022/05/27 18:35:13,0,22,0,0,0,0,0,0,0,0,0,2,0
2022/05/27 18:35:13,0,22,0,0,0,0,0,0,0,0,0,2,0
2022/05/27 18:35:14,0,645,0,0,0,0,0,0,0,0,0,2,0
2022/05/27 18:35:14,0,698,0,0,0,0,0,0,0,0,0,2,0
2022/05/27 18:35:14,0,698,0,0,0,0,0,0,0,0,0,4,0
2022/05/27 18:35:14,0,698,0,0,0,0,0,0,0,0,0,4,0
2022/05/27 18:35:14,0,698,0,0,0,0,0,0,0,0,0,4,0
2022/05/27 18:35:15,0,697,0,0,0,0,0,0,0,0,0,4,0
2022/05/27 18:35:15,0,697,0,0,0,0,0,0,0,0,0,4,0
2022/05/27 18:35:15,0,697,0,0,0,0,0,0,0,0,0,4,0
2022/05/27 18:35:15,0,697,0,0,0,0,0,0,0,0,0,4,0
2022/05/27 18:35:16,0,697,0,0,0,0,0,0,0,0,0,4,0
2022/05/27 18:35:16,0,697,0,0,0,0,0,0,0,0,0,4,0
2022/05/27 18:35:16,0,697,0,0,0,0,0,0,0,0,0,4,0
2022/05/27 18:35:17,696,697,197.5,3.5,276.4,2.5,0,3.177159,1,56,0,4,0
2022/05/27 18:35:17,696,697,197.2,3.5,276.8,2.5,0,3.178702,1,55.8,0,4,0
2022/05/27 18:35:17,696,697,197.1,3.5,277,2.5,0,3.180948,1,55.8,0,4,0
2022/05/27 18:35:17,696,697,197.1,3.5,277,2.5,0,3.180948,1,55.8,0,4,0
2022/05/27 18:35:18,696,698,197.2,3.5,277,2.5,0,3.180189,1,55.8,0,4,0
2022/05/27 18:35:18,696,697,197.2,3.5,277.1,2.5,0,3.176953,1,55.9,0,4,0
2022/05/27 18:35:18,696,698,197.2,3.5,277.1,2.5,0,3.180507,1,55.8,0,4,0
2022/05/27 18:35:18,696,698,197.2,3.5,277.1,2.5,0,3.180507,1,55.8,0,4,0
2022/05/27 18:35:19,697,698,197.2,3.5,277.1,2.5,0,3.180284,1,55.8,0,4,0
2022/05/27 18:35:19,697,698,197.2,3.5,277.1,2.5,0,3.17492,1,55.8,0,4,0
2022/05/27 18:35:19,697,698,197.2,3.5,277.1,2.5,0,3.179565,1,55.8,0,4,0
2022/05/27 18:35:19,697,698,197.2,3.5,277.1,2.5,0,3.179565,1,55.8,0,4,0
2022/05/27 18:35:20,697,698,197.2,3.5,277.1,2.5,0,3.179565,1,55.8,0,4,0
2022/05/27 18:35:20,697,698,197.2,3.5,277.1,2.5,0,3.179581,1,55.8,0,4,0
2022/05/27 18:35:20,696,697,197.2,3.5,277,2.5,0,3.180395,1,55.8,0,4,0
2022/05/27 18:35:20,696,697,197.2,3.5,277,2.5,0,3.180395,1,55.8,0,4,0
2022/05/27 18:35:21,696,697,197.2,3.5,277,2.5,0,3.180395,1,55.8,0,4,0
2022/05/27 18:35:21,696,697,197.2,3.5,277.1,2.5,0,3.174922,1,55.9,0,4,0
2022/05/27 18:35:21,696,697,197.3,3.5,277.2,2.5,0,3.173899,1,55.9,0,4,0
2022/05/27 18:35:21,696,697,197.3,3.5,277.2,2.5,0,3.175989,1,55.9,0,4,0
2022/05/27 18:35:22,696,697,197.3,3.5,277.2,2.5,0,3.175989,1,55.9,0,4,0
2022/05/27 18:35:22,696,697,197.3,3.5,277.2,2.5,0,3.179817,1,55.9,0,4,0
2022/05/27 18:35:22,696,697,197.3,3.5,277.2,2.5,0,3.175013,1,55.9,0,4,0
2022/05/27 18:35:22,696,697,197.3,3.5,277.2,2.5,0,3.175013,1,55.9,0,4,0
2022/05/27 18:35:23,696,697,197.3,3.5,277.2,2.5,0,3.175013,1,55.9,0,4,0
2022/05/27 18:35:23,696,697,197.3,3.5,277.2,2.5,0,3.1747,1,55.9,0,4,0
2022/05/27 18:35:23,696,697,197.3,3.5,277.2,2.5,0,3.173515,1,55.9,0,4,0
2022/05/27 18:35:23,696,697,197.3,3.5,277.2,2.5,0,3.173515,1,55.9,0,4,0
2022/05/27 18:35:24,696,697,197.2,3.5,277.2,2.5,0,3.176578,1,55.9,0,4,0
2022/05/27 18:35:24,696,697,197.3,3.5,277.2,2.5,0,3.174182,1,55.9,0,4,0
2022/05/27 18:35:24,696,697,197.3,3.5,277.2,2.5,0,3.177119,1,55.9,0,4,0
2022/05/27 18:35:24,696,697,197.3,3.5,277.2,2.5,0,3.177119,1,55.9,0,4,0
2022/05/27 18:35:25,696,698,197.3,3.5,277.2,2.5,0,3.174527,1,55.9,0,4,0
2022/05/27 18:35:25,697,697,197.2,3.5,277.1,2.5,0,3.175673,1,55.9,0,4,0
2022/05/27 18:35:25,696,697,197.2,3.5,277.1,2.5,0,3.172668,1,55.9,0,4,0
2022/05/27 18:35:25,696,697,197.2,3.5,277.1,2.5,0,3.172668,1,55.9,0,4,0
2022/05/27 18:35:26,696,698,197.2,3.5,277.1,2.5,0,3.175549,1,55.9,0,4,0
2022/05/27 18:35:26,697,697,197.3,3.5,277.2,2.5,0,3.176162,1,55.9,0,4,0
2022/05/27 18:35:26,697,697,197.3,3.5,277.2,2.5,0,3.176162,1,55.9,0,4,0
2022/05/27 18:35:26,697,697,197.3,3.5,277.2,2.5,0,3.176162,1,55.9,0,4,0
2022/05/27 18:35:26,696,697,197.3,3.5,277.3,2.5,0,3.177993,1,55.9,0,4,0
2022/05/27 18:35:27,696,697,197.3,3.5,277.3,2.5,0,3.172999,1,55.9,0,4,0
2022/05/27 18:35:27,696,697,197.3,3.5,277.3,2.5,0,3.177452,1,55.9,0,4,0
2022/05/27 18:35:27,697,698,197.4,3.5,277.3,2.5,0,3.176578,1,55.9,0,4,0
2022/05/27 18:35:28,697,698,197.4,3.5,277.3,2.5,0,3.176578,1,55.9,0,4,0
2022/05/27 18:35:28,697,698,197.4,3.5,277.3,2.5,0,3.176578,1,55.9,0,4,0
2022/05/27 18:35:28,697,698,197.4,3.5,277.4,2.5,0,3.174536,1,55.9,0,4,0
2022/05/27 18:35:28,697,698,197.5,3.5,277.4,2.5,0,3.17299,1,56,0,4,0
2022/05/27 18:35:29,696,697,197.5,3.5,277.4,2.5,0,3.174023,1,56,0,4,0
2022/05/27 18:35:29,696,697,197.5,3.5,277.4,2.5,0,3.174023,1,56,0,4,0
2022/05/27 18:35:29,696,697,197.5,3.5,277.4,2.5,0,3.174023,1,56,0,4,0
2022/05/27 18:35:29,697,697,197.6,3.5,277.6,2.5,0,3.174693,1,56,0,4,0
2022/05/27 18:35:30,697,698,196.2,3.5,277.6,2.5,0,3.174659,1,54.4,0,7,0
2022/05/27 18:35:30,697,698,196.2,3.5,277.6,2.5,0,3.174659,1,54.4,0,7,0
2022/05/27 18:35:30,0,540,0,0,0,0,0,0,0,0,0,7,0
2022/05/27 18:35:30,0,0,0,0,0,0,0,0,0,0,0,1,0
2022/05/27 18:35:31,0,0,0,0,0,0,0,0,0,0,0,1,0
2022/05/27 18:35:31,0,0,0,0,0,0,0,0,0,0,0,1,0
2022/05/27 18:35:31,0,0,0,0,0,0,0,0,0,0,0,1,0
2022/05/27 18:35:31,0,0,0,0,0,0,0,0,0,0,0,1,0
2022/05/27 18:35:32,0,0,0,0,0,0,0,0,0,0,0,1,0
2022/05/27 18:35:32,0,0,0,0,0,0,0,0,0,0,0,1,0
2022/05/27 18:35:32,0,0,0,0,0,0,0,0,0,0,0,1,0
2022/05/27 18:35:32,0,1,0,0,0,0,0,0,0,0,0,1,0
2022/05/27 18:35:33,0,1,0,0,0,0,0,0,0,0,0,1,0
2022/05/27 18:35:33,0,0,0,0,0,0,0,0,0,0,0,1,0
2022/05/27 18:35:33,0,0,0,0,0,0,0,0,0,0,0,1,0
2022/05/27 18:35:33,0,0,0,0,0,0,0,0,0,0,0,1,0
2022/05/27 18:35:34,0,0,0,0,0,0,0,0,0,0,0,1,0
2022/05/27 18:35:34,0,0,0,0,0,0,0,0,0,0,0,1,0
2022/05/27 18:35:34,0,1,0,0,0,0,0,0,0,0,0,1,0
2022/05/27 18:35:34,0,1,0,0,0,0,0,0,0,0,0,1,0
2022/05/27 18:35:35,0,1,0,0,0,0,0,0,0,0,0,1,0
2022/05/27 18:35:35,0,0,0,0,0,0,0,0,0,0,0,1,0
2022/05/27 18:35:35,0,0,0,0,0,0,0,0,0,0,0,1,0
2022/05/27 18:35:35,0,0,0,0,0,0,0,0,0,0,0,1,0
2022/05/27 18:35:36,0,0,0,0,0,0,0,0,0,0,0,1,0
2022/05/27 18:35:36,0,0,0,0,0,0,0,0,0,0,0,1,0
2022/05/27 18:35:36,0,1,0,0,0,0,0,0,0,0,0,1,0
2022/05/27 18:35:36,0,0,0,0,0,0,0,0,0,0,0,1,0
2022/05/27 18:35:37,0,0,0,0,0,0,0,0,0,0,0,1,0
2022/05/27 18:35:37,0,0,0,0,0,0,0,0,0,0,0,1,0
2022/05/27 18:35:37,0,0,0,0,0,0,0,0,0,0,0,1,0
2022/05/27 18:35:37,0,0,0,0,0,0,0,0,0,0,0,1,0
2022/05/27 18:35:38,0,0,0,0,0,0,0,0,0,0,0,1,0
2022/05/27 18:35:38,0,0,0,0,0,0,0,0,0,0,0,1,0
2022/05/27 18:35:38,0,0,0,0,0,0,0,0,0,0,0,1,0
2022/05/27 18:35:38,0,0,0,0,0,0,0,0,0,0,0,1,0
2022/05/27 18:35:39,0,0,0,0,0,0,0,0,0,0,0,1,0
2022/05/27 18:35:39,0,0,0,0,0,0,0,0,0,0,0,1,0
2022/05/27 18:35:39,0,0,0,0,0,0,0,0,0,0,0,1,0
2022/05/27 18:35:39,0,0,0,0,0,0,0,0,0,0,0,1,0
2022/05/27 18:35:40,0,0,0,0,0,0,0,0,0,0,0,1,0
2022/05/27 18:35:40,0,0,0,0,0,0,0,0,0,0,0,1,0
2022/05/27 18:35:40,0,0,0,0,0,0,0,0,0,0,0,1,0
2022/05/27 18:35:40,0,0,0,0,0,0,0,0,0,0,0,1,0
2022/05/27 18:35:41,0,0,0,0,0,0,0,0,0,0,0,1,0
2022/05/27 18:35:41,0,0,0,0,0,0,0,0,0,0,0,1,0
2022/05/27 18:35:41,0,0,0,0,0,0,0,0,0,0,0,1,0
2022/05/27 18:35:41,0,0,0,0,0,0,0,0,0,0,0,1,0
2022/05/27 18:35:42,0,0,0,0,0,0,0,0,0,0,0,1,0
2022/05/27 18:35:42,0,1,0,0,0,0,0,0,0,0,0,1,0
2022/05/27 18:35:42,0,0,0,0,0,0,0,0,0,0,0,1,0
2022/05/27 18:35:42,0,1,0,0,0,0,0,0,0,0,0,1,0
2022/05/27 18:35:43,0,1,0,0,0,0,0,0,0,0,0,1,0
2022/05/27 18:35:43,0,0,0,0,0,0,0,0,0,0,0,1,0
2022/05/27 18:35:43,0,1,0,0,0,0,0,0,0,0,0,1,0
2022/05/27 18:35:43,0,0,0,0,0,0,0,0,0,0,0,1,0
2022/05/27 18:35:44,0,0,0,0,0,0,0,0,0,0,0,1,0
2022/05/27 18:35:44,0,0,0,0,0,0,0,0,0,0,0,1,0
2022/05/27 18:35:44,0,0,0,0,0,0,0,0,0,0,0,1,0
2022/05/27 18:35:44,0,1,0,0,0,0,0,0,0,0,0,1,0
2022/05/27 18:35:45,0,1,0,0,0,0,0,0,0,0,0,1,0
2022/05/27 18:35:45,0,0,0,0,0,0,0,0,0,0,0,1,0
2022/05/27 18:35:45,0,0,0,0,0,0,0,0,0,0,0,1,0
2022/05/27 18:35:45,0,0,0,0,0,0,0,0,0,0,0,1,0
2022/05/27 18:35:45,0,0,0,0,0,0,0,0,0,0,0,1,0
2022/05/27 18:35:46,0,0,0,0,0,0,0,0,0,0,0,1,0
2022/05/27 18:35:46,0,1,0,0,0,0,0,0,0,0,0,1,0
2022/05/27 18:35:46,0,1,0,0,0,0,0,0,0,0,0,1,0
2022/05/27 18:35:46,0,0,0,0,0,0,0,0,0,0,0,1,0
2022/05/27 18:35:47,0,1,0,0,0,0,0,0,0,0,0,1,0
2022/05/27 18:35:47,0,0,0,0,0,0,0,0,0,0,0,1,0
2022/05/27 18:35:47,0,0,0,0,0,0,0,0,0,0,0,1,0
2022/05/27 18:35:47,0,0,0,0,0,0,0,0,0,0,0,1,0
2022/05/27 18:35:48,0,0,0,0,0,0,0,0,0,0,0,1,0
2022/05/27 18:35:48,0,0,0,0,0,0,0,0,0,0,0,1,0
2022/05/27 18:35:48,0,0,0,0,0,0,0,0,0,0,0,1,0
2022/05/27 18:35:48,0,1,0,0,0,0,0,0,0,0,0,1,0
2022/05/27 18:35:49,0,0,0,0,0,0,0,0,0,0,0,1,0
2022/05/27 18:35:49,0,0,0,0,0,0,0,0,0,0,0,1,0
2022/05/27 18:35:49,0,0,0,0,0,0,0,0,0,0,0,1,0
2022/05/27 18:35:50,0,0,0,0,0,0,0,0,0,0,0,1,0
2022/05/27 18:35:50,0,0,0,0,0,0,0,0,0,0,0,2,0
2022/05/27 18:35:50,0,400,0,0,0,0,0,0,0,0,0,2,0
2022/05/27 18:35:50,0,697,0,0,0,0,0,0,0,0,0,2,0
2022/05/27 18:35:50,0,697,0,0,0,0,0,0,0,0,0,2,0
2022/05/27 18:35:51,0,698,0,0,0,0,0,0,0,0,0,4,0
2022/05/27 18:35:51,0,697,0,0,0,0,0,0,0,0,0,4,0
2022/05/27 18:35:51,0,697,0,0,0,0,0,0,0,0,0,4,0
2022/05/27 18:35:52,0,697,0,0,0,0,0,0,0,0,0,4,0
2022/05/27 18:35:52,0,698,0,0,0,0,0,0,0,0,0,4,0
2022/05/27 18:35:52,0,697,0,0,0,0,0,0,0,0,0,4,0
2022/05/27 18:35:52,0,697,0,0,0,0,0,0,0,0,0,4,0
2022/05/27 18:35:52,0,697,0,0,0,0,0,0,0,0,0,4,0
2022/05/27 18:35:53,0,697,194.7,3.5,0,0,0,3.179146,1,54.3,0,4,0
2022/05/27 18:35:53,698,697,194.8,3.5,277.1,2.4,0,3.17914,1,54.4,0,4,0
2022/05/27 18:35:53,698,697,194.8,3.5,277.1,2.4,0,3.17914,1,54.4,0,4,0
2022/05/27 18:35:53,698,697,194.8,3.5,277.1,2.4,0,3.17914,1,54.4,0,4,0
2022/05/27 18:35:54,698,698,198,3.5,276,2.5,0,3.177723,1,56.2,0,4,0
2022/05/27 18:35:54,699,698,198,3.5,276.1,2.5,0,3.179594,1,56.1,0,4,0
2022/05/27 18:35:54,699,698,198,3.5,276.1,2.5,0,3.179594,1,56.1,0,4,0
2022/05/27 18:35:54,699,698,198,3.5,276.1,2.5,0,3.179594,1,56.1,0,4,0
2022/05/27 18:35:55,699,698,198.1,3.5,276.1,2.5,0,3.179978,1,56.1,0,4,0
2022/05/27 18:35:55,699,698,198.1,3.5,276.2,2.5,0,3.18035,1,56.1,0,4,0
2022/05/27 18:35:55,699,698,198.1,3.5,276.2,2.5,0,3.18035,1,56.1,0,4,0
2022/05/27 18:35:55,699,698,198.1,3.5,276.2,2.5,0,3.18035,1,56.1,0,4,0
2022/05/27 18:35:56,698,697,198,3.5,276.2,2.5,0,3.179177,1,56.2,0,4,0
2022/05/27 18:35:56,698,697,198,3.5,276.2,2.5,0,3.179177,1,56.2,0,4,0
2022/05/27 18:35:56,698,697,198,3.5,276.2,2.5,0,3.179177,1,56.2,0,4,0
2022/05/27 18:35:56,699,697,198,3.5,276.1,2.5,0,3.177756,1,56.2,0,4,0
2022/05/27 18:35:57,698,698,198.1,3.5,276.1,2.5,0,3.176206,1,56.2,0,4,0
2022/05/27 18:35:57,698,698,198.1,3.5,276.1,2.5,0,3.176206,1,56.2,0,4,0
2022/05/27 18:35:57,698,698,198.1,3.5,276.1,2.5,0,3.176206,1,56.2,0,4,0
2022/05/27 18:35:57,699,698,198.1,3.5,276.1,2.5,0,3.178778,1,56.2,0,4,0
2022/05/27 18:35:58,698,698,198.2,3.5,276.2,2.5,0,3.179168,1,56.2,0,4,0
2022/05/27 18:35:58,699,698,198.1,3.5,276.2,2.5,0,3.17825,1,56.1,0,4,0
2022/05/27 18:35:58,699,698,198.1,3.5,276.2,2.5,0,3.17825,1,56.1,0,4,0
2022/05/27 18:35:58,699,698,198.1,3.5,276.2,2.5,0,3.17825,1,56.1,0,4,0
2022/05/27 18:35:59,699,698,198.1,3.5,276.2,2.5,0,3.179809,1,56.2,0,4,0
2022/05/27 18:35:59,698,697,198.1,3.5,276.1,2.5,0,3.17598,1,56.2,0,4,0
2022/05/27 18:35:59,698,697,198.1,3.5,276.1,2.5,0,3.17598,1,56.2,0,4,0
2022/05/27 18:35:59,698,697,198.1,3.5,276.1,2.5,0,3.17825,1,56.2,0,4,0
2022/05/27 18:36:00,698,697,198,3.5,276.1,2.5,0,3.179839,1,56.2,0,4,0
2022/05/27 18:36:00,698,697,198,3.5,276,2.5,0,3.176319,1,56.1,0,4,0
2022/05/27 18:36:00,698,697,198,3.5,276,2.5,0,3.176319,1,56.1,0,4,0
2022/05/27 18:36:00,698,697,198,3.5,276,2.5,0,3.179313,1,56.1,0,4,0
2022/05/27 18:36:01,698,697,198,3.5,276,2.5,0,3.175267,1,56.1,0,4,0
2022/05/27 18:36:01,698,697,198,3.5,276,2.5,0,3.177537,1,56.1,0,4,0
2022/05/27 18:36:01,698,697,198,3.5,276,2.5,0,3.177537,1,56.1,0,4,0
2022/05/27 18:36:01,699,698,198,3.5,276,2.5,0,3.176105,1,56.1,0,4,0
2022/05/27 18:36:02,699,698,197.9,3.5,276,2.5,0,3.174684,1,56,0,4,0
2022/05/27 18:36:02,699,698,197.9,3.5,275.9,2.5,0,3.17528,1,56.1,0,4,0
2022/05/27 18:36:02,699,698,197.9,3.5,275.9,2.5,0,3.17528,1,56.1,0,4,0
2022/05/27 18:36:02,699,698,197.9,3.5,275.9,2.5,0,3.17528,1,56.1,0,4,0
2022/05/27 18:36:03,698,697,197.9,3.5,275.9,2.5,0,3.179312,1,56.1,0,4,0
2022/05/27 18:36:03,698,697,197.9,3.5,275.9,2.5,0,3.179312,1,56.1,0,4,0
2022/05/27 18:36:03,698,697,197.9,3.5,275.9,2.5,0,3.179312,1,56.1,0,4,0
2022/05/27 18:36:03,698,697,198,3.5,276,2.5,0,3.175246,1,56.2,0,4,0
2022/05/27 18:36:04,699,698,198,3.5,276,2.5,0,3.173795,1,56.1,0,4,0
2022/05/27 18:36:04,699,698,198,3.5,276,2.5,0,3.173795,1,56.1,0,4,0
2022/05/27 18:36:04,699,698,198,3.5,276,2.5,0,3.173795,1,56.1,0,4,0
2022/05/27 18:36:04,698,697,197.8,3.5,276.1,2.5,0,3.175272,1,56,0,4,0
2022/05/27 18:36:05,697,698,197.6,3.5,276.1,2.5,0,3.176199,1,56.1,0,4,0
2022/05/27 18:36:05,697,698,197.6,3.5,276.1,2.5,0,3.176199,1,56.1,0,4,0
2022/05/27 18:36:05,697,698,197.6,3.5,276.1,2.5,0,3.176199,1,56.1,0,4,0
2022/05/27 18:36:05,697,698,197.3,3.5,276.2,2.5,0,3.173142,1,55.9,0,4,0
2022/05/27 18:36:06,696,697,197.4,3.5,276.2,2.5,0,3.173495,1,56,0,4,0
2022/05/27 18:36:06,696,697,197.4,3.5,276.2,2.5,0,3.173495,1,56,0,4,0
2022/05/27 18:36:06,696,697,197.4,3.5,276.2,2.5,0,3.173495,1,56,0,4,0
2022/05/27 18:36:06,697,698,197.5,3.5,276.4,2.5,0,3.173831,1,56,0,4,0
2022/05/27 18:36:07,696,697,197.5,3.5,276.4,2.5,0,3.173853,1,55.5,0,4,0
2022/05/27 18:36:07,696,697,197.5,3.5,276.4,2.5,0,3.173853,1,55.5,0,4,0
2022/05/27 18:36:07,696,697,197.5,3.5,276.4,2.5,0,3.173853,1,55.5,0,4,0
2022/05/27 18:36:07,0,0,0,0,0,0,0,0,0,0,0,1,0
2022/05/27 18:36:08,0,0,0,0,0,0,0,0,0,0,0,1,0
2022/05/27 18:36:08,0,0,0,0,0,0,0,0,0,0,0,1,0
2022/05/27 18:36:08,0,0,0,0,0,0,0,0,0,0,0,1,0
2022/05/27 18:36:08,0,1,0,0,0,0,0,0,0,0,0,1,0
2022/05/27 18:36:09,0,0,0,0,0,0,0,0,0,0,0,1,0
2022/05/27 18:36:09,0,0,0,0,0,0,0,0,0,0,0,1,0
2022/05/27 18:36:09,0,0,0,0,0,0,0,0,0,0,0,1,0
2022/05/27 18:36:09,0,0,0,0,0,0,0,0,0,0,0,1,0
2022/05/27 18:36:10,0,1,0,0,0,0,0,0,0,0,0,1,0
2022/05/27 18:36:10,0,1,0,0,0,0,0,0,0,0,0,1,0
2022/05/27 18:36:10,0,1,0,0,0,0,0,0,0,0,0,1,0
2022/05/27 18:36:10,0,0,0,0,0,0,0,0,0,0,0,1,0
2022/05/27 18:36:11,0,0,0,0,0,0,0,0,0,0,0,1,0
2022/05/27 18:36:11,0,0,0,0,0,0,0,0,0,0,0,1,0
2022/05/27 18:36:11,0,0,0,0,0,0,0,0,0,0,0,1,0
2022/05/27 18:36:11,0,0,0,0,0,0,0,0,0,0,0,1,0
2022/05/27 18:36:12,0,0,0,0,0,0,0,0,0,0,0,1,0
2022/05/27 18:36:12,0,0,0,0,0,0,0,0,0,0,0,1,0
2022/05/27 18:36:12,0,0,0,0,0,0,0,0,0,0,0,1,0
2022/05/27 18:36:12,0,0,0,0,0,0,0,0,0,0,0,1,0
2022/05/27 18:36:13,0,0,0,0,0,0,0,0,0,0,0,1,0
2022/05/27 18:36:13,0,0,0,0,0,0,0,0,0,0,0,1,0
2022/05/27 18:36:13,0,1,0,0,0,0,0,0,0,0,0,1,0
2022/05/27 18:36:13,0,0,0,0,0,0,0,0,0,0,0,1,0
2022/05/27 18:36:14,0,0,0,0,0,0,0,0,0,0,0,1,0
2022/05/27 18:36:14,0,0,0,0,0,0,0,0,0,0,0,1,0
2022/05/27 18:36:14,0,0,0,0,0,0,0,0,0,0,0,1,0
2022/05/27 18:36:14,0,0,0,0,0,0,0,0,0,0,0,1,0
2022/05/27 18:36:15,0,0,0,0,0,0,0,0,0,0,0,1,0
2022/05/27 18:36:15,0,0,0,0,0,0,0,0,0,0,0,1,0
2022/05/27 18:36:15,0,0,0,0,0,0,0,0,0,0,0,1,0
2022/05/27 18:36:15,0,0,0,0,0,0,0,0,0,0,0,1,0
2022/05/27 18:36:15,0,0,0,0,0,0,0,0,0,0,0,1,0
2022/05/27 18:36:16,0,0,0,0,0,0,0,0,0,0,0,1,0
2022/05/27 18:36:16,0,0,0,0,0,0,0,0,0,0,0,1,0
2022/05/27 18:36:16,0,0,0,0,0,0,0,0,0,0,0,1,0
2022/05/27 18:36:16,0,0,0,0,0,0,0,0,0,0,0,1,0
2022/05/27 18:36:17,0,0,0,0,0,0,0,0,0,0,0,1,0
2022/05/27 18:36:17,0,0,0,0,0,0,0,0,0,0,0,1,0
2022/05/27 18:36:17,0,0,0,0,0,0,0,0,0,0,0,1,0
2022/05/27 18:36:17,0,0,0,0,0,0,0,0,0,0,0,1,0
2022/05/27 18:36:18,0,0,0,0,0,0,0,0,0,0,0,1,0
2022/05/27 18:36:18,0,0,0,0,0,0,0,0,0,0,0,1,0
2022/05/27 18:36:18,0,0,0,0,0,0,0,0,0,0,0,1,0
2022/05/27 18:36:18,0,0,0,0,0,0,0,0,0,0,0,1,0
2022/05/27 18:36:19,0,0,0,0,0,0,0,0,0,0,0,1,0
2022/05/27 18:36:19,0,0,0,0,0,0,0,0,0,0,0,1,0
2022/05/27 18:36:19,0,1,0,0,0,0,0,0,0,0,0,1,0
2022/05/27 18:36:19,0,0,0,0,0,0,0,0,0,0,0,1,0
2022/05/27 18:36:20,0,0,0,0,0,0,0,0,0,0,0,1,0
2022/05/27 18:36:20,0,0,0,0,0,0,0,0,0,0,0,1,0
2022/05/27 18:36:20,0,0,0,0,0,0,0,0,0,0,0,1,0
2022/05/27 18:36:20,0,0,0,0,0,0,0,0,0,0,0,1,0
2022/05/27 18:36:21,0,0,0,0,0,0,0,0,0,0,0,1,0
2022/05/27 18:36:21,0,0,0,0,0,0,0,0,0,0,0,1,0
2022/05/27 18:36:21,0,0,0,0,0,0,0,0,0,0,0,1,0
2022/05/27 18:36:21,0,0,0,0,0,0,0,0,0,0,0,1,0
2022/05/27 18:36:21,0,0,0,0,0,0,0,0,0,0,0,1,0
2022/05/27 18:36:22,0,0,0,0,0,0,0,0,0,0,0,1,0
2022/05/27 18:36:22,0,0,0,0,0,0,0,0,0,0,0,1,0
2022/05/27 18:36:22,0,0,0,0,0,0,0,0,0,0,0,1,0
2022/05/27 18:36:22,0,0,0,0,0,0,0,0,0,0,0,1,0
2022/05/27 18:36:23,0,0,0,0,0,0,0,0,0,0,0,1,0
2022/05/27 18:36:23,0,1,0,0,0,0,0,0,0,0,0,1,0
2022/05/27 18:36:23,0,1,0,0,0,0,0,0,0,0,0,1,0
2022/05/27 18:36:23,0,0,0,0,0,0,0,0,0,0,0,1,0
2022/05/27 18:36:24,0,0,0,0,0,0,0,0,0,0,0,1,0
2022/05/27 18:36:24,0,0,0,0,0,0,0,0,0,0,0,1,0
2022/05/27 18:36:24,0,0,0,0,0,0,0,0,0,0,0,1,0
2022/05/27 18:36:24,0,0,0,0,0,0,0,0,0,0,0,1,0
2022/05/27 18:36:25,0,0,0,0,0,0,0,0,0,0,0,1,0
2022/05/27 18:36:25,0,0,0,0,0,0,0,0,0,0,0,1,0
2022/05/27 18:36:25,0,1,0,0,0,0,0,0,0,0,0,1,0
2022/05/27 18:36:25,0,0,0,0,0,0,0,0,0,0,0,1,0
2022/05/27 18:36:26,0,0,0,0,0,0,0,0,0,0,0,1,0
2022/05/27 18:36:26,0,0,0,0,0,0,0,0,0,0,0,1,0
2022/05/27 18:36:26,0,0,0,0,0,0,0,0,0,0,0,1,0
2022/05/27 18:36:26,0,0,0,0,0,0,0,0,0,0,0,1,0
2022/05/27 18:36:27,0,0,0,0,0,0,0,0,0,0,0,1,0
2022/05/27 18:36:27,0,0,0,0,0,0,0,0,0,0,0,1,0
2022/05/27 18:36:27,0,296,0,0,0,0,0,0,0,0,0,2,0
2022/05/27 18:36:27,0,697,0,0,0,0,0,0,0,0,0,2,0
2022/05/27 18:36:28,0,697,0,0,0,0,0,0,0,0,0,4,0
2022/05/27 18:36:28,0,697,0,0,0,0,0,0,0,0,0,4,0
2022/05/27 18:36:28,0,697,0,0,0,0,0,0,0,0,0,4,0
2022/05/27 18:36:28,0,697,0,0,0,0,0,0,0,0,0,4,0
2022/05/27 18:36:29,0,697,0,0,0,0,0,0,0,0,0,4,0
2022/05/27 18:36:29,0,697,0,0,0,0,0,0,0,0,0,4,0
2022/05/27 18:36:29,0,698,0,0,0,0,0,0,0,0,0,4,0
2022/05/27 18:36:29,0,697,0,0,0,0,0,0,0,0,0,4,0
2022/05/27 18:36:30,0,698,0,3.5,0,0,0,0,1,54.6,0,4,0
2022/05/27 18:36:30,0,698,0,3.5,0,0,0,0,1,54.6,0,4,0
2022/05/27 18:36:30,697,697,195.2,3.5,276.4,2.4,0,3.17542,1,54.6,0,4,0
2022/05/27 18:36:30,697,698,195.2,3.5,276.5,2.4,0,3.178589,1,54.7,0,4,0
2022/05/27 18:36:31,697,697,197.5,3.5,276.5,2.5,0,3.177813,1,56,0,4,0
2022/05/27 18:36:31,697,697,197.5,3.5,276.5,2.5,0,3.177813,1,56,0,4,0
2022/05/27 18:36:31,697,697,197.5,3.5,276.5,2.5,0,3.177813,1,56,0,4,0
2022/05/27 18:36:31,698,697,197.6,3.5,276.6,2.5,0,3.18062,1,55.9,0,4,0
2022/05/27 18:36:32,698,698,197.6,3.5,276.6,2.5,0,3.17847,1,55.9,0,4,0
2022/05/27 18:36:32,698,698,197.6,3.5,276.6,2.5,0,3.17847,1,55.9,0,4,0
2022/05/27 18:36:32,698,698,197.6,3.5,276.6,2.5,0,3.17847,1,55.9,0,4,0
2022/05/27 18:36:32,697,698,197.6,3.5,276.5,2.5,0,3.179273,1,56,0,4,0
2022/05/27 18:36:33,697,698,197.5,3.5,276.4,2.5,0,3.177628,1,55.9,0,4,0
2022/05/27 18:36:33,697,698,197.5,3.5,276.4,2.5,0,3.177628,1,55.9,0,4,0
2022/05/27 18:36:33,698,698,197.5,3.5,276.4,2.5,0,3.177264,1,55.8,0,4,0
2022/05/27 18:36:33,697,698,197.4,3.5,276.3,2.5,0,3.178478,1,55.9,0,4,0
2022/05/27 18:36:34,698,698,197.4,3.5,276.3,2.5,0,3.177766,1,55.8,0,4,0
2022/05/27 18:36:34,698,698,197.4,3.5,276.3,2.5,0,3.177766,1,55.8,0,4,0
2022/05/27 18:36:34,698,698,197.4,3.5,276.3,2.5,0,3.177766,1,55.8,0,4,0
2022/05/27 18:36:34,697,697,197.3,3.5,276.2,2.5,0,3.181925,1,55.8,0,4,0
2022/05/27 18:36:35,697,697,197.3,3.5,276.2,2.5,0,3.181925,1,55.8,0,4,0
2022/05/27 18:36:35,697,697,197.3,3.5,276.2,2.5,0,3.181925,1,55.8,0,4,0
2022/05/27 18:36:35,697,698,197.3,3.5,276.1,2.5,0,3.173819,1,55.8,0,4,0
2022/05/27 18:36:35,697,698,197.3,3.5,276.1,2.5,0,3.175654,1,55.8,0,4,0
2022/05/27 18:36:36,697,698,197.3,3.5,276.1,2.5,0,3.175654,1,55.8,0,4,0
2022/05/27 18:36:36,697,698,197.3,3.5,276.1,2.5,0,3.175654,1,55.8,0,4,0
2022/05/27 18:36:36,696,698,197.2,3.5,276,2.5,0,3.174012,1,55.9,0,4,0
2022/05/27 18:36:36,697,698,197.2,3.5,276,2.5,0,3.175694,1,55.9,0,4,0
2022/05/27 18:36:37,696,697,197.3,3.5,276.1,2.5,0,3.174232,1,55.9,0,4,0
2022/05/27 18:36:37,696,697,197.3,3.5,276.1,2.5,0,3.174232,1,55.9,0,4,0
2022/05/27 18:36:37,696,697,197.2,3.5,276,2.5,0,3.173496,1,55.9,0,4,0
2022/05/27 18:36:37,696,697,197.2,3.5,276,2.5,0,3.174149,1,55.9,0,4,0
2022/05/27 18:36:38,696,697,197.2,3.5,276,2.5,0,3.174149,1,55.9,0,4,0
2022/05/27 18:36:38,696,697,197.2,3.5,276,2.5,0,3.174149,1,55.9,0,4,0
2022/05/27 18:36:38,697,698,197.2,3.5,276,2.5,0,3.175712,1,55.9,0,4,0
2022/05/27 18:36:38,696,697,197.2,3.5,276,2.5,0,3.175177,1,55.9,0,4,0
2022/05/27 18:36:38,696,697,197.2,3.5,276,2.5,0,3.175177,1,55.9,0,4,0
2022/05/27 18:36:39,696,697,197.2,3.5,276,2.5,0,3.175186,1,55.9,0,4,0
2022/05/27 18:36:39,696,697,197.3,3.5,276.1,2.5,0,3.174002,1,55.9,0,4,0
2022/05/27 18:36:39,696,697,197.3,3.5,276.1,2.5,0,3.17669,1,55.9,0,4,0
2022/05/27 18:36:40,696,697,197.3,3.5,276.1,2.5,0,3.17669,1,55.9,0,4,0
2022/05/27 18:36:40,696,697,197.3,3.5,276.1,2.5,0,3.17669,1,55.9,0,4,0
2022/05/27 18:36:40,696,697,197.3,3.5,276.1,2.5,0,3.174041,1,55.9,0,4,0
2022/05/27 18:36:40,696,697,197.3,3.5,276.1,2.5,0,3.174518,1,55.9,0,4,0
2022/05/27 18:36:41,696,697,197.3,3.5,276.1,2.5,0,3.174518,1,55.9,0,4,0
2022/05/27 18:36:41,696,697,197.3,3.5,276.1,2.5,0,3.174518,1,55.9,0,4,0
2022/05/27 18:36:41,697,698,197.3,3.5,276.1,2.5,0,3.175188,1,55.9,0,4,0
2022/05/27 18:36:41,696,697,197.3,3.5,276.1,2.5,0,3.175635,1,55.9,0,4,0
2022/05/27 18:36:42,696,697,197.3,3.5,276.1,2.5,0,3.175635,1,55.9,0,4,0
2022/05/27 18:36:42,696,697,197.3,3.5,276.1,2.5,0,3.175635,1,55.9,0,4,0
2022/05/27 18:36:42,696,697,197.3,3.5,276.1,2.5,0,3.174679,1,55.8,0,4,0
2022/05/27 18:36:42,696,697,197.3,3.5,276.2,2.5,0,3.174495,1,55.9,0,4,0
2022/05/27 18:36:42,696,697,197.3,3.5,276.2,2.5,0,3.174495,1,55.9,0,4,0
2022/05/27 18:36:43,696,697,197.3,3.5,276.2,2.5,0,3.174495,1,55.9,0,4,0
2022/05/27 18:36:43,697,697,197.5,3.5,276.3,2.5,0,3.174509,1,55.9,0,4,0
2022/05/27 18:36:43,697,698,197.6,3.5,276.4,2.5,0,3.175744,1,56,0,4,0
2022/05/27 18:36:43,697,698,197.6,3.5,276.4,2.5,0,3.175744,1,56,0,4,0
2022/05/27 18:36:44,697,698,197.6,3.5,276.4,2.5,0,3.175744,1,56,0,4,0
2022/05/27 18:36:44,0,506,0,0,0,0,0,0,0,0,0,7,0
2022/05/27 18:36:44,0,1,0,0,0,0,0,0,0,0,0,1,0
2022/05/27 18:36:44,0,1,0,0,0,0,0,0,0,0,0,1,0
2022/05/27 18:36:45,0,0,0,0,0,0,0,0,0,0,0,1,0
2022/05/27 18:36:45,0,0,0,0,0,0,0,0,0,0,0,1,0
2022/05/27 18:36:45,0,0,0,0,0,0,0,0,0,0,0,1,0
2022/05/27 18:36:45,0,0,0,0,0,0,0,0,0,0,0,1,0
2022/05/27 18:36:46,0,1,0,0,0,0,0,0,0,0,0,1,0
2022/05/27 18:36:46,0,0,0,0,0,0,0,0,0,0,0,1,0
2022/05/27 18:36:46,0,0,0,0,0,0,0,0,0,0,0,1,0
2022/05/27 18:36:46,0,0,0,0,0,0,0,0,0,0,0,1,0
2022/05/27 18:36:47,0,0,0,0,0,0,0,0,0,0,0,1,0
2022/05/27 18:36:47,0,0,0,0,0,0,0,0,0,0,0,1,0
2022/05/27 18:36:47,0,0,0,0,0,0,0,0,0,0,0,1,0
2022/05/27 18:36:47,0,0,0,0,0,0,0,0,0,0,0,1,0
2022/05/27 18:36:48,0,0,0,0,0,0,0,0,0,0,0,1,0
2022/05/27 18:36:48,0,0,0,0,0,0,0,0,0,0,0,1,0
2022/05/27 18:36:48,0,0,0,0,0,0,0,0,0,0,0,1,0
2022/05/27 18:36:48,0,0,0,0,0,0,0,0,0,0,0,1,0
2022/05/27 18:36:49,0,1,0,0,0,0,0,0,0,0,0,1,0
2022/05/27 18:36:49,0,1,0,0,0,0,0,0,0,0,0,1,0
2022/05/27 18:36:49,0,1,0,0,0,0,0,0,0,0,0,1,0
2022/05/27 18:36:49,0,0,0,0,0,0,0,0,0,0,0,1,0
2022/05/27 18:36:50,0,0,0,0,0,0,0,0,0,0,0,1,0
2022/05/27 18:36:50,0,0,0,0,0,0,0,0,0,0,0,1,0
2022/05/27 18:36:50,0,0,0,0,0,0,0,0,0,0,0,1,0
2022/05/27 18:36:50,0,1,0,0,0,0,0,0,0,0,0,1,0
2022/05/27 18:36:51,0,0,0,0,0,0,0,0,0,0,0,1,0
2022/05/27 18:36:51,0,0,0,0,0,0,0,0,0,0,0,1,0
2022/05/27 18:36:51,0,0,0,0,0,0,0,0,0,0,0,1,0
2022/05/27 18:36:51,0,0,0,0,0,0,0,0,0,0,0,1,0
2022/05/27 18:36:51,0,0,0,0,0,0,0,0,0,0,0,1,0
2022/05/27 18:36:52,0,0,0,0,0,0,0,0,0,0,0,1,0
2022/05/27 18:36:52,0,0,0,0,0,0,0,0,0,0,0,1,0
2022/05/27 18:36:52,0,0,0,0,0,0,0,0,0,0,0,1,0
2022/05/27 18:36:52,0,0,0,0,0,0,0,0,0,0,0,1,0
2022/05/27 18:36:53,0,0,0,0,0,0,0,0,0,0,0,1,0
2022/05/27 18:36:53,0,0,0,0,0,0,0,0,0,0,0,1,0
2022/05/27 18:36:53,0,0,0,0,0,0,0,0,0,0,0,1,0
2022/05/27 18:36:53,0,0,0,0,0,0,0,0,0,0,0,1,0
2022/05/27 18:36:54,0,0,0,0,0,0,0,0,0,0,0,1,0
2022/05/27 18:36:54,0,0,0,0,0,0,0,0,0,0,0,1,0
2022/05/27 18:36:54,0,0,0,0,0,0,0,0,0,0,0,1,0
2022/05/27 18:36:54,0,0,0,0,0,0,0,0,0,0,0,1,0
2022/05/27 18:36:55,0,0,0,0,0,0,0,0,0,0,0,1,0
2022/05/27 18:36:55,0,0,0,0,0,0,0,0,0,0,0,1,0
2022/05/27 18:36:55,0,0,0,0,0,0,0,0,0,0,0,1,0
2022/05/27 18:36:55,0,0,0,0,0,0,0,0,0,0,0,1,0
2022/05/27 18:36:55,0,0,0,0,0,0,0,0,0,0,0,1,0
2022/05/27 18:36:56,0,0,0,0,0,0,0,0,0,0,0,1,0
2022/05/27 18:36:56,0,0,0,0,0,0,0,0,0,0,0,1,0
2022/05/27 18:36:56,0,0,0,0,0,0,0,0,0,0,0,1,0
2022/05/27 18:36:56,0,0,0,0,0,0,0,0,0,0,0,1,0
2022/05/27 18:36:57,0,0,0,0,0,0,0,0,0,0,0,1,0
2022/05/27 18:36:57,0,1,0,0,0,0,0,0,0,0,0,1,0
2022/05/27 18:36:57,0,1,0,0,0,0,0,0,0,0,0,1,0
2022/05/27 18:36:57,0,0,0,0,0,0,0,0,0,0,0,1,0
2022/05/27 18:36:58,0,0,0,0,0,0,0,0,0,0,0,1,0
2022/05/27 18:36:58,0,0,0,0,0,0,0,0,0,0,0,1,0
2022/05/27 18:36:58,0,0,0,0,0,0,0,0,0,0,0,1,0
2022/05/27 18:36:58,0,0,0,0,0,0,0,0,0,0,0,1,0
2022/05/27 18:36:59,0,0,0,0,0,0,0,0,0,0,0,1,0
2022/05/27 18:36:59,0,0,0,0,0,0,0,0,0,0,0,1,0
2022/05/27 18:36:59,0,0,0,0,0,0,0,0,0,0,0,1,0
2022/05/27 18:36:59,0,0,0,0,0,0,0,0,0,0,0,1,0
2022/05/27 18:37:00,0,0,0,0,0,0,0,0,0,0,0,1,0
2022/05/27 18:37:00,0,0,0,0,0,0,0,0,0,0,0,1,0
2022/05/27 18:37:00,0,0,0,0,0,0,0,0,0,0,0,1,0
2022/05/27 18:37:00,0,0,0,0,0,0,0,0,0,0,0,1,0
2022/05/27 18:37:01,0,0,0,0,0,0,0,0,0,0,0,1,0
2022/05/27 18:37:01,0,0,0,0,0,0,0,0,0,0,0,1,0
2022/05/27 18:37:01,0,0,0,0,0,0,0,0,0,0,0,1,0
2022/05/27 18:37:01,0,0,0,0,0,0,0,0,0,0,0,1,0
2022/05/27 18:37:02,0,0,0,0,0,0,0,0,0,0,0,1,0
2022/05/27 18:37:02,0,0,0,0,0,0,0,0,0,0,0,1,0
2022/05/27 18:37:02,0,0,0,0,0,0,0,0,0,0,0,1,0
2022/05/27 18:37:02,0,0,0,0,0,0,0,0,0,0,0,1,0
2022/05/27 18:37:03,0,0,0,0,0,0,0,0,0,0,0,1,0
2022/05/27 18:37:03,0,0,0,0,0,0,0,0,0,0,0,1,0
2022/05/27 18:37:03,0,0,0,0,0,0,0,0,0,0,0,1,0
2022/05/27 18:37:03,0,0,0,0,0,0,0,0,0,0,0,1,0
2022/05/27 18:37:04,0,0,0,0,0,0,0,0,0,0,0,1,0
2022/05/27 18:37:04,0,0,0,0,0,0,0,0,0,0,0,1,0
2022/05/27 18:37:04,0,11,0,0,0,0,0,0,0,0,0,2,0
2022/05/27 18:37:04,0,624,0,0,0,0,0,0,0,0,0,2,0
2022/05/27 18:37:04,0,624,0,0,0,0,0,0,0,0,0,2,0
2022/05/27 18:37:05,0,697,0,0,0,0,0,0,0,0,0,2,0
2022/05/27 18:37:05,0,697,0,0,0,0,0,0,0,0,0,4,0
2022/05/27 18:37:05,0,697,0,0,0,0,0,0,0,0,0,4,0
2022/05/27 18:37:06,0,697,0,0,0,0,0,0,0,0,0,4,0
2022/05/27 18:37:06,0,697,0,0,0,0,0,0,0,0,0,4,0
2022/05/27 18:37:06,0,697,0,0,0,0,0,0,0,0,0,4,0
2022/05/27 18:37:06,0,697,0,0,0,0,0,0,0,0,0,4,0
2022/05/27 18:37:07,0,697,0,0,0,0,0,0,0,0,0,4,0
2022/05/27 18:37:07,0,697,0,0,0,0,0,0,0,0,0,4,0
2022/05/27 18:37:07,697,697,195.1,3.5,276.8,2.4,0,3.175496,1,54.6,0,4,0
2022/05/27 18:37:07,698,697,195.1,3.5,276.8,2.4,0,3.179455,1,54.5,0,4,0
2022/05/27 18:37:07,698,697,195.1,3.5,276.8,2.4,0,3.179455,1,54.5,0,4,0
2022/05/27 18:37:08,698,697,195.1,3.5,276.8,2.4,0,3.179455,1,54.5,0,4,0
2022/05/27 18:37:08,698,697,197.7,3.5,276.7,2.5,0,3.17959,1,56,0,4,0
2022/05/27 18:37:08,697,698,197.7,3.5,276.6,2.5,0,3.179976,1,56,0,4,0
2022/05/27 18:37:09,698,697,197.7,3.5,276.7,2.5,0,3.177723,1,56,0,4,0
2022/05/27 18:37:09,698,697,197.7,3.5,276.7,2.5,0,3.177723,1,56,0,4,0
2022/05/27 18:37:09,698,698,197.8,3.5,276.7,2.5,0,3.177921,1,56,0,4,0
2022/05/27 18:37:09,698,698,197.8,3.5,276.8,2.5,0,3.178078,1,56,0,4,0
2022/05/27 18:37:09,698,698,197.8,3.5,276.8,2.5,0,3.178078,1,56,0,4,0
2022/05/27 18:37:10,698,697,197.8,3.5,276.8,2.5,0,3.18023,1,56,0,4,0
2022/05/27 18:37:10,698,697,197.8,3.5,276.9,2.5,0,3.176366,1,56.1,0,4,0
2022/05/27 18:37:10,698,697,197.8,3.5,276.9,2.5,0,3.176366,1,56.1,0,4,0
2022/05/27 18:37:10,698,697,197.8,3.5,276.9,2.5,0,3.176366,1,56.1,0,4,0
2022/05/27 18:37:11,698,697,197.8,3.5,276.9,2.5,0,3.176587,1,56.1,0,4,0
2022/05/27 18:37:11,697,697,197.8,3.5,276.8,2.5,0,3.175935,1,56.1,0,4,0
2022/05/27 18:37:11,697,698,197.8,3.5,276.8,2.5,0,3.177278,1,56.1,0,4,0
2022/05/27 18:37:11,697,698,197.8,3.5,276.8,2.5,0,3.177278,1,56.1,0,4,0
2022/05/27 18:37:12,697,698,197.8,3.5,276.8,2.5,0,3.177278,1,56.1,0,4,0
2022/05/27 18:37:12,698,697,197.9,3.5,276.9,2.5,0,3.177252,1,56.1,0,4,0
2022/05/27 18:37:12,698,697,197.9,3.5,276.9,2.5,0,3.173972,1,56.2,0,4,0
2022/05/27 18:37:12,698,697,197.9,3.5,276.9,2.5,0,3.173972,1,56.2,0,4,0
2022/05/27 18:37:13,697,697,197.9,3.5,276.9,2.5,0,3.174518,1,56.2,0,4,0
2022/05/27 18:37:13,697,698,197.9,3.5,276.9,2.5,0,3.177356,1,56.1,0,4,0
2022/05/27 18:37:13,697,697,197.9,3.5,276.9,2.5,0,3.174174,1,56.1,0,4,0
2022/05/27 18:37:13,697,697,197.9,3.5,276.9,2.5,0,3.174174,1,56.1,0,4,0
2022/05/27 18:37:14,697,698,197.8,3.5,276.9,2.5,0,3.175228,1,56.1,0,4,0
2022/05/27 18:37:14,697,697,197.8,3.5,276.9,2.5,0,3.176831,1,56.1,0,4,0
2022/05/27 18:37:14,697,697,197.8,3.5,276.9,2.5,0,3.176831,1,56.1,0,4,0
2022/05/27 18:37:14,697,697,197.8,3.5,276.9,2.5,0,3.176831,1,56.1,0,4,0
2022/05/27 18:37:15,697,697,197.8,3.5,276.8,2.5,0,3.174748,1,56.1,0,4,0
2022/05/27 18:37:15,697,698,197.7,3.5,276.8,2.5,0,3.174995,1,56.1,0,4,0
2022/05/27 18:37:15,697,698,197.7,3.5,276.7,2.5,0,3.17399,1,56.1,0,4,0
2022/05/27 18:37:15,697,698,197.7,3.5,276.7,2.5,0,3.17399,1,56.1,0,4,0
2022/05/27 18:37:16,696,697,197.7,3.5,276.7,2.5,0,3.174511,1,56.1,0,4,0
2022/05/27 18:37:16,696,697,197.7,3.5,276.7,2.5,0,3.174544,1,56.1,0,4,0
2022/05/27 18:37:16,697,698,197.7,3.5,276.7,2.5,0,3.175637,1,56,0,4,0
2022/05/27 18:37:16,697,698,197.7,3.5,276.7,2.5,0,3.175637,1,56,0,4,0
2022/05/27 18:37:17,697,698,197.7,3.5,276.7,2.5,0,3.175637,1,56,0,4,0
2022/05/27 18:37:17,697,698,197.7,3.5,276.6,2.5,0,3.175013,1,56,0,4,0
2022/05/27 18:37:17,697,698,197.7,3.5,276.6,2.5,0,3.175013,1,56,0,4,0
2022/05/27 18:37:17,697,698,197.7,3.5,276.6,2.5,0,3.175013,1,56,0,4,0
2022/05/27 18:37:18,696,697,197.5,3.5,276.5,2.5,0,3.173633,1,56,0,4,0
2022/05/27 18:37:18,696,697,197.4,3.5,276.4,2.5,0,3.174757,1,56,0,4,0
2022/05/27 18:37:18,696,697,197.4,3.5,276.4,2.5,0,3.174757,1,56,0,4,0
2022/05/27 18:37:18,696,697,197.4,3.5,276.4,2.5,0,3.174757,1,56,0,4,0
2022/05/27 18:37:19,697,698,197.4,3.5,276.2,2.5,0,3.175262,1,55.9,0,4,0
2022/05/27 18:37:19,697,698,197.4,3.5,276.2,2.5,0,3.175262,1,55.9,0,4,0
2022/05/27 18:37:19,697,698,197.4,3.5,276.2,2.5,0,3.175262,1,55.9,0,4,0
2022/05/27 18:37:19,697,698,197.3,3.5,276.1,2.5,0,3.174709,1,55.8,0,4,0
2022/05/27 18:37:20,697,698,197.2,3.5,276,2.5,0,3.17299,1,55.9,0,4,0
2022/05/27 18:37:20,696,697,197.3,3.5,276.1,2.5,0,3.174528,1,55.9,0,4,0
2022/05/27 18:37:20,696,697,197.3,3.5,276.1,2.5,0,3.174528,1,55.9,0,4,0
2022/05/27 18:37:20,696,697,197.3,3.5,276.1,2.5,0,3.174528,1,55.9,0,4,0
2022/05/27 18:37:21,696,697,196.8,3.5,275.9,2.5,0,3.174722,0,0,0,7,0
2022/05/27 18:37:21,0,332,0,0,0,0,0,0,0,0,0,7,0
2022/05/27 18:37:21,0,332,0,0,0,0,0,0,0,0,0,7,0
2022/05/27 18:37:21,0,332,0,0,0,0,0,0,0,0,0,7,0
2022/05/27 18:37:22,0,0,0,0,0,0,0,0,0,0,0,1,0
2022/05/27 18:37:22,0,0,0,0,0,0,0,0,0,0,0,1,0
2022/05/27 18:37:22,0,0,0,0,0,0,0,0,0,0,0,1,0
2022/05/27 18:37:22,0,0,0,0,0,0,0,0,0,0,0,1,0
2022/05/27 18:37:23,0,0,0,0,0,0,0,0,0,0,0,1,0
2022/05/27 18:37:23,0,0,0,0,0,0,0,0,0,0,0,1,0
2022/05/27 18:37:23,0,0,0,0,0,0,0,0,0,0,0,1,0
2022/05/27 18:37:23,0,0,0,0,0,0,0,0,0,0,0,1,0
2022/05/27 18:37:24,0,0,0,0,0,0,0,0,0,0,0,1,0
2022/05/27 18:37:24,0,0,0,0,0,0,0,0,0,0,0,1,0
2022/05/27 18:37:24,0,0,0,0,0,0,0,0,0,0,0,1,0
2022/05/27 18:37:24,0,0,0,0,0,0,0,0,0,0,0,1,0
2022/05/27 18:37:25,0,0,0,0,0,0,0,0,0,0,0,1,0
2022/05/27 18:37:25,0,0,0,0,0,0,0,0,0,0,0,1,0
2022/05/27 18:37:25,0,0,0,0,0,0,0,0,0,0,0,1,0
2022/05/27 18:37:25,0,0,0,0,0,0,0,0,0,0,0,1,0
2022/05/27 18:37:26,0,0,0,0,0,0,0,0,0,0,0,1,0
2022/05/27 18:37:26,0,0,0,0,0,0,0,0,0,0,0,1,0
2022/05/27 18:37:26,0,1,0,0,0,0,0,0,0,0,0,1,0
2022/05/27 18:37:26,0,1,0,0,0,0,0,0,0,0,0,1,0
2022/05/27 18:37:27,0,1,0,0,0,0,0,0,0,0,0,1,0
2022/05/27 18:37:27,0,1,0,0,0,0,0,0,0,0,0,1,0
2022/05/27 18:37:27,0,1,0,0,0,0,0,0,0,0,0,1,0
2022/05/27 18:37:28,0,0,0,0,0,0,0,0,0,0,0,1,0
2022/05/27 18:37:28,0,0,0,0,0,0,0,0,0,0,0,1,0
2022/05/27 18:37:28,0,0,0,0,0,0,0,0,0,0,0,1,0
2022/05/27 18:37:28,0,1,0,0,0,0,0,0,0,0,0,1,0
2022/05/27 18:37:29,0,0,0,0,0,0,0,0,0,0,0,1,0
2022/05/27 18:37:29,0,0,0,0,0,0,0,0,0,0,0,1,0
2022/05/27 18:37:29,0,0,0,0,0,0,0,0,0,0,0,1,0
2022/05/27 18:37:29,0,0,0,0,0,0,0,0,0,0,0,1,0
2022/05/27 18:37:30,0,0,0,0,0,0,0,0,0,0,0,1,0
2022/05/27 18:37:30,0,1,0,0,0,0,0,0,0,0,0,1,0
2022/05/27 18:37:30,0,0,0,0,0,0,0,0,0,0,0,1,0
2022/05/27 18:37:30,0,0,0,0,0,0,0,0,0,0,0,1,0
2022/05/27 18:37:31,0,0,0,0,0,0,0,0,0,0,0,1,0
2022/05/27 18:37:31,0,0,0,0,0,0,0,0,0,0,0,1,0
2022/05/27 18:37:31,0,0,0,0,0,0,0,0,0,0,0,1,0
2022/05/27 18:37:31,0,0,0,0,0,0,0,0,0,0,0,1,0
2022/05/27 18:37:32,0,1,0,0,0,0,0,0,0,0,0,1,0
2022/05/27 18:37:32,0,1,0,0,0,0,0,0,0,0,0,1,0
2022/05/27 18:37:32,0,0,0,0,0,0,0,0,0,0,0,1,0
2022/05/27 18:37:32,0,0,0,0,0,0,0,0,0,0,0,1,0
2022/05/27 18:37:33,0,0,0,0,0,0,0,0,0,0,0,1,0
2022/05/27 18:37:33,0,0,0,0,0,0,0,0,0,0,0,1,0
2022/05/27 18:37:33,0,0,0,0,0,0,0,0,0,0,0,1,0
2022/05/27 18:37:33,0,0,0,0,0,0,0,0,0,0,0,1,0
2022/05/27 18:37:34,0,0,0,0,0,0,0,0,0,0,0,1,0
2022/05/27 18:37:34,0,0,0,0,0,0,0,0,0,0,0,1,0
2022/05/27 18:37:34,0,0,0,0,0,0,0,0,0,0,0,1,0
2022/05/27 18:37:34,0,0,0,0,0,0,0,0,0,0,0,1,0
2022/05/27 18:37:35,0,0,0,0,0,0,0,0,0,0,0,1,0
2022/05/27 18:37:35,0,0,0,0,0,0,0,0,0,0,0,1,0
2022/05/27 18:37:35,0,0,0,0,0,0,0,0,0,0,0,1,0
2022/05/27 18:37:35,0,0,0,0,0,0,0,0,0,0,0,1,0
2022/05/27 18:37:36,0,0,0,0,0,0,0,0,0,0,0,1,0
2022/05/27 18:37:36,0,0,0,0,0,0,0,0,0,0,0,1,0
2022/05/27 18:37:36,0,0,0,0,0,0,0,0,0,0,0,1,0
2022/05/27 18:37:36,0,0,0,0,0,0,0,0,0,0,0,1,0
2022/05/27 18:37:37,0,0,0,0,0,0,0,0,0,0,0,1,0
2022/05/27 18:37:37,0,0,0,0,0,0,0,0,0,0,0,1,0
2022/05/27 18:37:37,0,0,0,0,0,0,0,0,0,0,0,1,0
2022/05/27 18:37:37,0,0,0,0,0,0,0,0,0,0,0,1,0
2022/05/27 18:37:38,0,0,0,0,0,0,0,0,0,0,0,1,0
2022/05/27 18:37:38,0,0,0,0,0,0,0,0,0,0,0,1,0
2022/05/27 18:37:38,0,0,0,0,0,0,0,0,0,0,0,1,0
2022/05/27 18:37:38,0,0,0,0,0,0,0,0,0,0,0,1,0
2022/05/27 18:37:39,0,0,0,0,0,0,0,0,0,0,0,1,0
2022/05/27 18:37:39,0,1,0,0,0,0,0,0,0,0,0,1,0
2022/05/27 18:37:39,0,0,0,0,0,0,0,0,0,0,0,1,0
2022/05/27 18:37:39,0,0,0,0,0,0,0,0,0,0,0,1,0
2022/05/27 18:37:40,0,0,0,0,0,0,0,0,0,0,0,1,0
2022/05/27 18:37:40,0,0,0,0,0,0,0,0,0,0,0,1,0
2022/05/27 18:37:40,0,0,0,0,0,0,0,0,0,0,0,1,0
2022/05/27 18:37:41,0,0,0,0,0,0,0,0,0,0,0,1,0
2022/05/27 18:37:41,0,0,0,0,0,0,0,0,0,0,0,1,0
2022/05/27 18:37:41,0,0,0,0,0,0,0,0,0,0,0,1,0
2022/05/27 18:37:41,0,663,0,0,0,0,0,0,0,0,0,2,0
2022/05/27 18:37:42,0,697,0,0,0,0,0,0,0,0,0,2,0
2022/05/27 18:37:42,0,697,0,0,0,0,0,0,0,0,0,2,0
2022/05/27 18:37:42,0,697,0,0,0,0,0,0,0,0,0,2,0
2022/05/27 18:37:42,0,697,0,0,0,0,0,0,0,0,0,2,0
2022/05/27 18:37:43,0,697,0,0,0,0,0,0,0,0,0,2,0
2022/05/27 18:37:43,0,697,0,0,0,0,0,0,0,0,0,4,0
2022/05/27 18:37:43,0,697,0,0,0,0,0,0,0,0,0,4,0
2022/05/27 18:37:43,0,697,0,0,0,0,0,0,0,0,0,4,0
2022/05/27 18:37:44,0,697,0,0,0,0,0,0,0,0,0,4,0
2022/05/27 18:37:44,0,697,0,0,0,0,0,0,0,0,0,4,0
2022/05/27 18:37:44,697,697,197,3.5,276.1,2.5,0,3.180342,1,55.6,0,4,0
2022/05/27 18:37:44,697,698,197.1,3.5,276.3,2.5,0,3.176862,1,55.7,0,4,0
2022/05/27 18:37:45,697,698,197.1,3.5,276.3,2.5,0,3.176862,1,55.7,0,4,0
2022/05/27 18:37:45,698,698,197.6,3.5,276.5,2.5,0,3.179532,1,55.9,0,4,0
2022/05/27 18:37:45,698,697,197.7,3.5,276.6,2.5,0,3.17963,1,56,0,4,0
2022/05/27 18:37:45,698,697,197.7,3.5,276.6,2.5,0,3.17963,1,56,0,4,0
2022/05/27 18:37:46,698,697,197.8,3.5,276.8,2.5,0,3.179703,1,56,0,4,0
2022/05/27 18:37:46,698,697,197.8,3.5,276.8,2.5,0,3.180438,1,56,0,4,0
2022/05/27 18:37:46,698,697,197.9,3.5,276.9,2.5,0,3.177254,1,56.1,0,4,0
2022/05/27 18:37:46,698,697,197.9,3.5,276.9,2.5,0,3.177254,1,56.1,0,4,0
2022/05/27 18:37:47,698,697,197.9,3.5,276.9,2.5,0,3.177254,1,56.1,0,4,0
2022/05/27 18:37:47,699,698,198,3.5,277.1,2.5,0,3.180496,1,56.1,0,4,0
2022/05/27 18:37:47,698,697,197.9,3.5,277,2.5,0,3.178326,1,56.1,0,4,0
2022/05/27 18:37:47,698,697,197.9,3.5,277,2.5,0,3.178326,1,56.1,0,4,0
2022/05/27 18:37:48,698,697,197.9,3.5,276.9,2.5,0,3.179646,1,56.1,0,4,0
2022/05/27 18:37:48,698,697,197.8,3.5,276.9,2.5,0,3.17692,1,56.1,0,4,0
2022/05/27 18:37:48,698,698,197.9,3.5,276.9,2.5,0,3.176641,1,56.1,0,4,0
2022/05/27 18:37:48,698,698,197.9,3.5,276.9,2.5,0,3.176641,1,56.1,0,4,0
2022/05/27 18:37:49,698,698,197.9,3.5,276.9,2.5,0,3.177127,1,56.1,0,4,0
2022/05/27 18:37:49,698,697,197.9,3.5,276.9,2.5,0,3.17673,1,56.1,0,4,0
2022/05/27 18:37:49,698,697,197.9,3.5,276.9,2.5,0,3.17673,1,56.1,0,4,0
2022/05/27 18:37:49,698,697,197.9,3.5,276.9,2.5,0,3.17673,1,56.1,0,4,0
2022/05/27 18:37:50,698,698,197.9,3.5,277,2.5,0,3.175061,1,56.1,0,4,0
2022/05/27 18:37:50,698,697,197.9,3.5,277,2.5,0,3.175668,1,56.1,0,4,0
2022/05/27 18:37:50,698,697,197.9,3.5,277,2.5,0,3.175668,1,56.1,0,4,0
2022/05/27 18:37:50,698,697,197.9,3.5,277,2.5,0,3.175668,1,56.1,0,4,0
2022/05/27 18:37:51,698,698,197.9,3.5,277,2.5,0,3.17393,1,56.1,0,4,0
2022/05/27 18:37:51,698,697,198,3.5,277.1,2.5,0,3.172479,1,56.1,0,4,0
2022/05/27 18:37:51,698,697,198,3.5,277.1,2.5,0,3.172479,1,56.1,0,4,0
2022/05/27 18:37:51,698,697,198,3.5,277.1,2.5,0,3.172479,1,56.1,0,4,0
2022/05/27 18:37:51,698,697,197.9,3.5,277,2.5,0,3.177146,1,56.1,0,4,0
2022/05/27 18:37:52,698,697,197.9,3.5,277,2.5,0,3.174576,1,56.1,0,4,0
2022/05/27 18:37:52,698,697,197.9,3.5,277,2.5,0,3.174576,1,56.1,0,4,0
2022/05/27 18:37:52,698,697,197.9,3.5,277,2.5,0,3.175108,1,56.1,0,4,0
2022/05/27 18:37:53,698,697,197.8,3.5,276.9,2.5,0,3.176611,1,56.1,0,4,0
2022/05/27 18:37:53,697,697,197.8,3.5,276.8,2.5,0,3.174562,1,56.1,0,4,0
2022/05/27 18:37:53,697,697,197.8,3.5,276.8,2.5,0,3.174829,1,56.1,0,4,0
2022/05/27 18:37:53,697,697,197.8,3.5,276.8,2.5,0,3.174829,1,56.1,0,4,0
2022/05/27 18:37:54,697,697,197.8,3.5,276.8,2.5,0,3.173472,1,56.1,0,4,0
2022/05/27 18:37:54,697,698,197.7,3.5,276.7,2.5,0,3.174773,1,56,0,4,0
2022/05/27 18:37:54,697,697,197.7,3.5,276.6,2.5,0,3.175639,1,56,0,4,0
2022/05/27 18:37:54,697,697,197.7,3.5,276.6,2.5,0,3.175639,1,56,0,4,0
2022/05/27 18:37:55,697,698,197.6,3.5,276.6,2.5,0,3.176709,1,56,0,4,0
2022/05/27 18:37:55,697,698,197.6,3.5,276.6,2.5,0,3.174473,1,56,0,4,0
2022/05/27 18:37:55,697,698,197.5,3.5,276.5,2.5,0,3.174157,1,56,0,4,0
2022/05/27 18:37:55,696,697,197.5,3.5,276.4,2.5,0,3.17248,1,56,0,4,0
2022/05/27 18:37:56,696,698,197.4,3.5,276.3,2.5,0,3.175709,1,55.9,0,4,0
2022/05/27 18:37:56,696,698,197.4,3.5,276.3,2.5,0,3.175709,1,55.9,0,4,0
2022/05/27 18:37:56,697,698,197.4,3.5,276.2,2.5,0,3.174539,1,55.9,0,4,0
2022/05/27 18:37:56,697,698,197.3,3.5,276.1,2.5,0,3.174016,1,55.8,0,4,0
2022/05/27 18:37:57,697,698,197.3,3.5,276.1,2.5,0,3.174016,1,55.8,0,4,0
2022/05/27 18:37:57,697,698,197.3,3.5,276.1,2.5,0,3.174016,1,55.8,0,4,0
2022/05/27 18:37:57,696,697,197.2,3.5,276,2.5,0,3.171967,1,55.8,0,4,0
2022/05/27 18:37:57,696,697,197.1,3.5,275.9,2.5,0,3.175073,1,55.8,0,4,0
2022/05/27 18:37:58,696,697,197.1,3.5,275.9,2.5,0,3.175073,1,55.8,0,4,0
2022/05/27 18:37:58,696,697,197.1,3.5,275.9,2.5,0,3.172013,1,55.8,0,7,0
2022/05/27 18:37:58,0,195,0,0,0,0,0,0,0,0,0,7,0
2022/05/27 18:37:58,0,195,0,0,0,0,0,0,0,0,0,7,0
2022/05/27 18:37:59,0,195,0,0,0,0,0,0,0,0,0,7,0
2022/05/27 18:37:59,0,0,0,0,0,0,0,0,0,0,0,1,0
2022/05/27 18:37:59,0,0,0,0,0,0,0,0,0,0,0,1,0
2022/05/27 18:37:59,0,0,0,0,0,0,0,0,0,0,0,1,0
2022/05/27 18:38:00,0,0,0,0,0,0,0,0,0,0,0,1,0
2022/05/27 18:38:00,0,0,0,0,0,0,0,0,0,0,0,1,0
2022/05/27 18:38:00,0,0,0,0,0,0,0,0,0,0,0,1,0
2022/05/27 18:38:00,0,0,0,0,0,0,0,0,0,0,0,1,0
2022/05/27 18:38:00,0,1,0,0,0,0,0,0,0,0,0,1,0
2022/05/27 18:38:01,0,0,0,0,0,0,0,0,0,0,0,1,0
2022/05/27 18:38:01,0,0,0,0,0,0,0,0,0,0,0,1,0
2022/05/27 18:38:01,0,0,0,0,0,0,0,0,0,0,0,1,0
2022/05/27 18:38:01,0,0,0,0,0,0,0,0,0,0,0,1,0
2022/05/27 18:38:02,0,1,0,0,0,0,0,0,0,0,0,1,0
2022/05/27 18:38:02,0,1,0,0,0,0,0,0,0,0,0,1,0
2022/05/27 18:38:02,0,0,0,0,0,0,0,0,0,0,0,1,0
2022/05/27 18:38:02,0,0,0,0,0,0,0,0,0,0,0,1,0
2022/05/27 18:38:03,0,0,0,0,0,0,0,0,0,0,0,1,0
2022/05/27 18:38:03,0,0,0,0,0,0,0,0,0,0,0,1,0
2022/05/27 18:38:03,0,0,0,0,0,0,0,0,0,0,0,1,0
2022/05/27 18:38:03,0,0,0,0,0,0,0,0,0,0,0,1,0
2022/05/27 18:38:04,0,0,0,0,0,0,0,0,0,0,0,1,0
2022/05/27 18:38:04,0,0,0,0,0,0,0,0,0,0,0,1,0
2022/05/27 18:38:04,0,0,0,0,0,0,0,0,0,0,0,1,0
2022/05/27 18:38:04,0,0,0,0,0,0,0,0,0,0,0,1,0
2022/05/27 18:38:05,0,0,0,0,0,0,0,0,0,0,0,1,0
2022/05/27 18:38:05,0,0,0,0,0,0,0,0,0,0,0,1,0
2022/05/27 18:38:05,0,0,0,0,0,0,0,0,0,0,0,1,0
2022/05/27 18:38:05,0,0,0,0,0,0,0,0,0,0,0,1,0
2022/05/27 18:38:06,0,0,0,0,0,0,0,0,0,0,0,1,0
2022/05/27 18:38:06,0,0,0,0,0,0,0,0,0,0,0,1,0
2022/05/27 18:38:06,0,0,0,0,0,0,0,0,0,0,0,1,0
2022/05/27 18:38:06,0,0,0,0,0,0,0,0,0,0,0,1,0
2022/05/27 18:38:07,0,0,0,0,0,0,0,0,0,0,0,1,0
2022/05/27 18:38:07,0,0,0,0,0,0,0,0,0,0,0,1,0
2022/05/27 18:38:07,0,0,0,0,0,0,0,0,0,0,0,1,0
2022/05/27 18:38:08,0,0,0,0,0,0,0,0,0,0,0,1,0
2022/05/27 18:38:08,0,0,0,0,0,0,0,0,0,0,0,1,0
2022/05/27 18:38:08,0,0,0,0,0,0,0,0,0,0,0,1,0
2022/05/27 18:38:08,0,0,0,0,0,0,0,0,0,0,0,1,0
2022/05/27 18:38:09,0,0,0,0,0,0,0,0,0,0,0,1,0
2022/05/27 18:38:09,0,0,0,0,0,0,0,0,0,0,0,1,0
2022/05/27 18:38:09,0,0,0,0,0,0,0,0,0,0,0,1,0
2022/05/27 18:38:09,0,0,0,0,0,0,0,0,0,0,0,1,0
2022/05/27 18:38:10,0,0,0,0,0,0,0,0,0,0,0,1,0
2022/05/27 18:38:10,0,0,0,0,0,0,0,0,0,0,0,1,0
2022/05/27 18:38:10,0,0,0,0,0,0,0,0,0,0,0,1,0
2022/05/27 18:38:10,0,0,0,0,0,0,0,0,0,0,0,1,0
2022/05/27 18:38:11,0,0,0,0,0,0,0,0,0,0,0,1,0
2022/05/27 18:38:11,0,0,0,0,0,0,0,0,0,0,0,1,0
2022/05/27 18:38:11,0,0,0,0,0,0,0,0,0,0,0,1,0
2022/05/27 18:38:11,0,0,0,0,0,0,0,0,0,0,0,1,0
2022/05/27 18:38:12,0,0,0,0,0,0,0,0,0,0,0,1,0
2022/05/27 18:38:12,0,0,0,0,0,0,0,0,0,0,0,1,0
2022/05/27 18:38:12,0,1,0,0,0,0,0,0,0,0,0,1,0
2022/05/27 18:38:12,0,0,0,0,0,0,0,0,0,0,0,1,0
2022/05/27 18:38:13,0,1,0,0,0,0,0,0,0,0,0,1,0
2022/05/27 18:38:13,0,1,0,0,0,0,0,0,0,0,0,1,0
2022/05/27 18:38:13,0,1,0,0,0,0,0,0,0,0,0,1,0
2022/05/27 18:38:13,0,1,0,0,0,0,0,0,0,0,0,1,0
2022/05/27 18:38:14,0,1,0,0,0,0,0,0,0,0,0,1,0
2022/05/27 18:38:14,0,1,0,0,0,0,0,0,0,0,0,1,0
2022/05/27 18:38:14,0,0,0,0,0,0,0,0,0,0,0,1,0
2022/05/27 18:38:14,0,1,0,0,0,0,0,0,0,0,0,1,0
2022/05/27 18:38:15,0,0,0,0,0,0,0,0,0,0,0,1,0
2022/05/27 18:38:15,0,0,0,0,0,0,0,0,0,0,0,1,0
2022/05/27 18:38:15,0,0,0,0,0,0,0,0,0,0,0,1,0
2022/05/27 18:38:15,0,0,0,0,0,0,0,0,0,0,0,1,0
2022/05/27 18:38:16,0,0,0,0,0,0,0,0,0,0,0,1,0
2022/05/27 18:38:16,0,0,0,0,0,0,0,0,0,0,0,1,0
2022/05/27 18:38:16,0,0,0,0,0,0,0,0,0,0,0,1,0
2022/05/27 18:38:17,0,0,0,0,0,0,0,0,0,0,0,1,0
2022/05/27 18:38:17,0,0,0,0,0,0,0,0,0,0,0,1,0
2022/05/27 18:38:17,0,0,0,0,0,0,0,0,0,0,0,1,0
2022/05/27 18:38:17,0,0,0,0,0,0,0,0,0,0,0,1,0
2022/05/27 18:38:18,0,0,0,0,0,0,0,0,0,0,0,1,0
2022/05/27 18:38:18,0,0,0,0,0,0,0,0,0,0,0,2,0
2022/05/27 18:38:18,0,35,0,0,0,0,0,0,0,0,0,2,0
2022/05/27 18:38:18,0,35,0,0,0,0,0,0,0,0,0,2,0
2022/05/27 18:38:18,0,35,0,0,0,0,0,0,0,0,0,2,0
2022/05/27 18:38:19,0,697,0,0,0,0,0,0,0,0,0,4,0
2022/05/27 18:38:19,0,697,0,0,0,0,0,0,0,0,0,4,0
2022/05/27 18:38:19,0,697,0,0,0,0,0,0,0,0,0,4,0
2022/05/27 18:38:19,0,698,0,0,0,0,0,0,0,0,0,4,0
2022/05/27 18:38:20,0,698,0,0,0,0,0,0,0,0,0,4,0
2022/05/27 18:38:20,0,697,0,0,0,0,0,0,0,0,0,4,0
2022/05/27 18:38:20,0,697,0,0,0,0,0,0,0,0,0,4,0
2022/05/27 18:38:21,0,697,0,0,0,0,0,0,0,0,0,4,0
2022/05/27 18:38:21,0,697,197.1,3.5,0,0,0,3.174728,1,55.8,0,4,0
2022/05/27 18:38:21,696,697,197.3,3.5,276,2.5,0,3.177361,1,55.9,0,4,0
2022/05/27 18:38:21,696,697,197.3,3.5,276,2.5,0,3.177361,1,55.9,0,4,0
2022/05/27 18:38:21,697,697,197.6,3.5,276.2,2.5,0,3.178737,1,56,0,4,0
2022/05/27 18:38:22,698,697,197.7,3.5,276.4,2.5,0,3.178246,1,56,0,4,0
2022/05/27 18:38:22,698,697,197.7,3.5,276.4,2.5,0,3.178246,1,56,0,4,0
2022/05/27 18:38:22,698,697,197.7,3.5,276.4,2.5,0,3.178246,1,56,0,4,0
2022/05/27 18:38:22,699,698,198,3.5,276.3,2.5,0,3.179548,1,56,0,4,0
2022/05/27 18:38:23,699,698,198.2,3.5,276.2,2.5,0,3.17986,1,56.2,0,4,0
2022/05/27 18:38:23,699,698,198.2,3.5,276.2,2.5,0,3.17986,1,56.2,0,4,0
2022/05/27 18:38:23,699,698,198.2,3.5,276.2,2.5,0,3.179708,1,56.2,0,4,0
2022/05/27 18:38:23,698,697,197.8,3.5,276.3,2.5,0,3.174027,1,56.1,0,4,0
2022/05/27 18:38:24,698,697,197.8,3.5,276.3,2.5,0,3.174027,1,56.1,0,4,0
2022/05/27 18:38:24,698,697,197.8,3.5,276.3,2.5,0,3.174027,1,56.1,0,4,0
2022/05/27 18:38:24,697,698,197,3.5,276.4,2.5,0,3.179311,1,55.7,0,4,0
2022/05/27 18:38:24,697,698,197.1,3.5,276.5,2.5,0,3.174523,1,55.7,0,4,0
2022/05/27 18:38:25,697,698,197.1,3.5,276.5,2.5,0,3.174523,1,55.7,0,4,0
2022/05/27 18:38:25,697,698,197.1,3.5,276.5,2.5,0,3.174523,1,55.7,0,4,0
2022/05/27 18:38:25,696,697,196.9,3.5,276.5,2.5,0,3.175217,1,55.7,0,4,0
2022/05/27 18:38:25,696,697,196.8,3.5,276.5,2.5,0,3.174032,1,55.6,0,4,0
2022/05/27 18:38:26,696,697,196.8,3.5,276.5,2.5,0,3.174032,1,55.6,0,4,0
2022/05/27 18:38:26,697,698,197,3.5,276.5,2.5,0,3.177722,1,55.7,0,4,0
2022/05/27 18:38:26,697,698,197.2,3.5,276.5,2.5,0,3.174049,1,55.8,0,4,0
2022/05/27 18:38:26,697,698,197.2,3.5,276.5,2.5,0,3.174049,1,55.8,0,4,0
2022/05/27 18:38:27,697,698,197.2,3.5,276.5,2.5,0,3.174049,1,55.8,0,4,0
2022/05/27 18:38:27,698,698,197.6,3.5,276.4,2.5,0,3.173982,1,56,0,4,0
2022/05/27 18:38:27,698,697,197.7,3.5,276.5,2.5,0,3.173997,1,56,0,4,0
2022/05/27 18:38:27,697,698,197.7,3.5,276.5,2.5,0,3.177342,1,56,0,4,0
2022/05/27 18:38:28,697,698,197.7,3.5,276.5,2.5,0,3.177342,1,56,0,4,0
2022/05/27 18:38:28,698,697,197.6,3.5,276.5,2.5,0,3.175801,1,55.9,0,4,0
2022/05/27 18:38:28,697,697,197.5,3.5,276.4,2.5,0,3.17403,1,55.9,0,4,0
2022/05/27 18:38:28,697,698,197.5,3.5,276.4,2.5,0,3.174242,1,55.9,0,4,0
2022/05/27 18:38:29,697,698,197.5,3.5,276.4,2.5,0,3.174242,1,55.9,0,4,0
2022/05/27 18:38:29,697,697,197.5,3.5,276.4,2.5,0,3.173941,1,55.9,0,4,0
2022/05/27 18:38:29,697,697,197.5,3.5,276.4,2.5,0,3.176624,1,55.9,0,4,0
2022/05/27 18:38:29,697,697,197.5,3.5,276.4,2.5,0,3.176624,1,55.9,0,4,0
2022/05/27 18:38:29,697,698,197.5,3.5,276.4,2.5,0,3.175204,1,55.9,0,4,0
2022/05/27 18:38:30,697,697,197.5,3.5,276.4,2.5,0,3.174244,1,55.9,0,4,0
2022/05/27 18:38:30,697,697,197.5,3.5,276.4,2.5,0,3.174244,1,55.9,0,4,0
2022/05/27 18:38:30,697,697,197.5,3.5,276.4,2.5,0,3.174244,1,55.9,0,4,0
2022/05/27 18:38:31,697,697,197.5,3.5,276.5,2.5,0,3.172986,1,56,0,4,0
2022/05/27 18:38:31,697,697,197.5,3.5,276.5,2.5,0,3.172986,1,56,0,4,0
2022/05/27 18:38:31,697,697,197.5,3.5,276.5,2.5,0,3.17334,1,56,0,4,0
2022/05/27 18:38:31,697,697,197.5,3.5,276.5,2.5,0,3.175498,1,55.9,0,4,0
2022/05/27 18:38:32,697,698,197.5,3.5,276.4,2.5,0,3.17488,1,55.9,0,4,0
2022/05/27 18:38:32,697,698,197.5,3.5,276.4,2.5,0,3.17488,1,55.9,0,4,0
2022/05/27 18:38:32,697,697,197.4,3.5,276.3,2.5,0,3.173244,1,55.9,0,4,0
2022/05/27 18:38:32,696,698,197.4,3.5,276.2,2.5,0,3.173559,1,55.9,0,4,0
2022/05/27 18:38:33,696,698,197.4,3.5,276.2,2.5,0,3.173559,1,55.9,0,4,0
2022/05/27 18:38:33,696,698,197.4,3.5,276.2,2.5,0,3.173559,1,55.9,0,4,0
2022/05/27 18:38:33,696,698,197.3,3.5,276.1,2.5,0,3.175019,1,55.8,0,4,0
2022/05/27 18:38:33,696,697,197.3,3.5,276.2,2.5,0,3.173893,1,55.9,0,4,0
2022/05/27 18:38:34,696,698,197.3,3.5,276.2,2.5,0,3.175759,1,55.8,0,4,0
2022/05/27 18:38:34,696,698,197.3,3.5,276.2,2.5,0,3.175759,1,55.8,0,4,0
2022/05/27 18:38:34,696,697,197.3,3.5,276.1,2.5,0,3.174246,1,55.9,0,4,0
2022/05/27 18:38:34,696,698,197.3,3.5,276.1,2.5,0,3.173508,1,55.8,0,4,0
2022/05/27 18:38:35,696,698,197.3,3.5,276.1,2.5,0,3.173508,1,55.8,0,4,0
2022/05/27 18:38:35,696,698,197.3,3.5,276.1,2.5,0,3.173508,1,55.8,0,4,0
2022/05/27 18:38:35,0,0,0,0,0,0,0,0,0,0,0,1,0
2022/05/27 18:38:35,0,0,0,0,0,0,0,0,0,0,0,1,0
2022/05/27 18:38:36,0,0,0,0,0,0,0,0,0,0,0,1,0
2022/05/27 18:38:36,0,0,0,0,0,0,0,0,0,0,0,1,0
2022/05/27 18:38:36,0,0,0,0,0,0,0,0,0,0,0,1,0
2022/05/27 18:38:36,0,0,0,0,0,0,0,0,0,0,0,1,0
2022/05/27 18:38:37,0,0,0,0,0,0,0,0,0,0,0,1,0
2022/05/27 18:38:37,0,0,0,0,0,0,0,0,0,0,0,1,0
2022/05/27 18:38:37,0,0,0,0,0,0,0,0,0,0,0,1,0
2022/05/27 18:38:37,0,0,0,0,0,0,0,0,0,0,0,1,0
2022/05/27 18:38:38,0,0,0,0,0,0,0,0,0,0,0,1,0
2022/05/27 18:38:38,0,0,0,0,0,0,0,0,0,0,0,1,0
2022/05/27 18:38:38,0,0,0,0,0,0,0,0,0,0,0,1,0
2022/05/27 18:38:38,0,0,0,0,0,0,0,0,0,0,0,1,0
2022/05/27 18:38:39,0,0,0,0,0,0,0,0,0,0,0,1,0
2022/05/27 18:38:39,0,0,0,0,0,0,0,0,0,0,0,1,0
2022/05/27 18:38:39,0,0,0,0,0,0,0,0,0,0,0,1,0
2022/05/27 18:38:39,0,0,0,0,0,0,0,0,0,0,0,1,0
2022/05/27 18:38:40,0,0,0,0,0,0,0,0,0,0,0,1,0
2022/05/27 18:38:40,0,0,0,0,0,0,0,0,0,0,0,1,0
2022/05/27 18:38:40,0,0,0,0,0,0,0,0,0,0,0,1,0
2022/05/27 18:38:40,0,0,0,0,0,0,0,0,0,0,0,1,0
2022/05/27 18:38:41,0,0,0,0,0,0,0,0,0,0,0,1,0
2022/05/27 18:38:41,0,0,0,0,0,0,0,0,0,0,0,1,0
2022/05/27 18:38:41,0,0,0,0,0,0,0,0,0,0,0,1,0
2022/05/27 18:38:41,0,0,0,0,0,0,0,0,0,0,0,1,0
2022/05/27 18:38:42,0,0,0,0,0,0,0,0,0,0,0,1,0
2022/05/27 18:38:42,0,0,0,0,0,0,0,0,0,0,0,1,0
2022/05/27 18:38:42,0,0,0,0,0,0,0,0,0,0,0,1,0
2022/05/27 18:38:42,0,0,0,0,0,0,0,0,0,0,0,1,0
2022/05/27 18:38:43,0,0,0,0,0,0,0,0,0,0,0,1,0
2022/05/27 18:38:43,0,0,0,0,0,0,0,0,0,0,0,1,0
2022/05/27 18:38:43,0,0,0,0,0,0,0,0,0,0,0,1,0
2022/05/27 18:38:43,0,0,0,0,0,0,0,0,0,0,0,1,0
2022/05/27 18:38:44,0,0,0,0,0,0,0,0,0,0,0,1,0
2022/05/27 18:38:44,0,0,0,0,0,0,0,0,0,0,0,1,0
2022/05/27 18:38:44,0,0,0,0,0,0,0,0,0,0,0,1,0
2022/05/27 18:38:44,0,0,0,0,0,0,0,0,0,0,0,1,0
2022/05/27 18:38:45,0,0,0,0,0,0,0,0,0,0,0,1,0
2022/05/27 18:38:45,0,1,0,0,0,0,0,0,0,0,0,1,0
2022/05/27 18:38:45,0,1,0,0,0,0,0,0,0,0,0,1,0
2022/05/27 18:38:45,0,1,0,0,0,0,0,0,0,0,0,1,0
2022/05/27 18:38:46,0,0,0,0,0,0,0,0,0,0,0,1,0
2022/05/27 18:38:46,0,0,0,0,0,0,0,0,0,0,0,1,0
2022/05/27 18:38:46,0,0,0,0,0,0,0,0,0,0,0,1,0
2022/05/27 18:38:46,0,0,0,0,0,0,0,0,0,0,0,1,0
2022/05/27 18:38:47,0,0,0,0,0,0,0,0,0,0,0,1,0
2022/05/27 18:38:47,0,0,0,0,0,0,0,0,0,0,0,1,0
2022/05/27 18:38:47,0,0,0,0,0,0,0,0,0,0,0,1,0
2022/05/27 18:38:47,0,1,0,0,0,0,0,0,0,0,0,1,0
2022/05/27 18:38:48,0,0,0,0,0,0,0,0,0,0,0,1,0
2022/05/27 18:38:48,0,0,0,0,0,0,0,0,0,0,0,1,0
2022/05/27 18:38:48,0,0,0,0,0,0,0,0,0,0,0,1,0
2022/05/27 18:38:48,0,0,0,0,0,0,0,0,0,0,0,1,0
2022/05/27 18:38:49,0,0,0,0,0,0,0,0,0,0,0,1,0
2022/05/27 18:38:49,0,0,0,0,0,0,0,0,0,0,0,1,0
2022/05/27 18:38:49,0,0,0,0,0,0,0,0,0,0,0,1,0
2022/05/27 18:38:49,0,0,0,0,0,0,0,0,0,0,0,1,0
2022/05/27 18:38:50,0,0,0,0,0,0,0,0,0,0,0,1,0
2022/05/27 18:38:50,0,0,0,0,0,0,0,0,0,0,0,1,0
2022/05/27 18:38:50,0,0,0,0,0,0,0,0,0,0,0,1,0
2022/05/27 18:38:50,0,0,0,0,0,0,0,0,0,0,0,1,0
2022/05/27 18:38:51,0,0,0,0,0,0,0,0,0,0,0,1,0
2022/05/27 18:38:51,0,0,0,0,0,0,0,0,0,0,0,1,0
2022/05/27 18:38:51,0,0,0,0,0,0,0,0,0,0,0,1,0
2022/05/27 18:38:51,0,0,0,0,0,0,0,0,0,0,0,1,0
2022/05/27 18:38:52,0,0,0,0,0,0,0,0,0,0,0,1,0
2022/05/27 18:38:52,0,0,0,0,0,0,0,0,0,0,0,1,0
2022/05/27 18:38:52,0,0,0,0,0,0,0,0,0,0,0,1,0
2022/05/27 18:38:52,0,0,0,0,0,0,0,0,0,0,0,1,0
2022/05/27 18:38:53,0,0,0,0,0,0,0,0,0,0,0,1,0
2022/05/27 18:38:53,0,0,0,0,0,0,0,0,0,0,0,1,0
2022/05/27 18:38:53,0,0,0,0,0,0,0,0,0,0,0,1,0
2022/05/27 18:38:53,0,0,0,0,0,0,0,0,0,0,0,1,0
2022/05/27 18:38:54,0,0,0,0,0,0,0,0,0,0,0,1,0
2022/05/27 18:38:54,0,1,0,0,0,0,0,0,0,0,0,1,0
2022/05/27 18:38:54,0,1,0,0,0,0,0,0,0,0,0,1,0
2022/05/27 18:38:55,0,0,0,0,0,0,0,0,0,0,0,2,0
2022/05/27 18:38:55,0,21,0,0,0,0,0,0,0,0,0,2,0
2022/05/27 18:38:55,0,21,0,0,0,0,0,0,0,0,0,2,0
2022/05/27 18:38:55,0,645,0,0,0,0,0,0,0,0,0,2,0
2022/05/27 18:38:56,0,697,0,0,0,0,0,0,0,0,0,4,0
2022/05/27 18:38:56,0,697,0,0,0,0,0,0,0,0,0,4,0
2022/05/27 18:38:56,0,698,0,0,0,0,0,0,0,0,0,4,0
2022/05/27 18:38:56,0,697,0,0,0,0,0,0,0,0,0,4,0
2022/05/27 18:38:56,0,697,0,0,0,0,0,0,0,0,0,4,0
2022/05/27 18:38:57,0,697,0,0,0,0,0,0,0,0,0,4,0
2022/05/27 18:38:57,0,697,0,0,0,0,0,0,0,0,0,4,0
2022/05/27 18:38:57,0,697,0,0,0,0,0,0,0,0,0,4,0
2022/05/27 18:38:58,0,697,0,0,0,0,0,0,1,0,0,4,0
2022/05/27 18:38:58,0,697,0,0,0,0,0,0,1,0,0,4,0
2022/05/27 18:38:58,0,697,0,0,0,0,0,0,1,0,0,4,0
2022/05/27 18:38:58,696,697,195.1,3.5,276.2,2.4,0,3.174596,1,54.7,0,4,0
2022/05/27 18:38:59,696,698,195.2,3.5,276.3,2.4,0,3.178731,1,55.7,0,4,0
2022/05/27 18:38:59,696,698,195.2,3.5,276.3,2.4,0,3.178731,1,55.7,0,4,0
2022/05/27 18:38:59,696,698,195.2,3.5,276.3,2.4,0,3.178731,1,55.7,0,4,0
2022/05/27 18:38:59,699,698,197.7,3.5,276.2,2.5,0,3.179713,1,55.9,0,4,0
2022/05/27 18:39:00,699,698,197.9,3.5,276.2,2.5,0,3.177996,1,56,0,4,0
2022/05/27 18:39:00,699,698,197.9,3.5,276.2,2.5,0,3.177996,1,56,0,4,0
2022/05/27 18:39:00,699,698,197.9,3.5,276.2,2.5,0,3.177996,1,56,0,4,0
2022/05/27 18:39:00,696,698,197.1,3.5,276.4,2.5,0,3.176419,1,55.7,0,4,0
2022/05/27 18:39:01,696,697,196.8,3.5,276.5,2.5,0,3.175182,1,55.6,0,4,0
2022/05/27 18:39:01,696,697,196.8,3.5,276.5,2.5,0,3.175182,1,55.6,0,4,0
2022/05/27 18:39:01,696,697,196.8,3.5,276.5,2.5,0,3.177281,1,55.6,0,4,0
2022/05/27 18:39:01,696,697,196.8,3.5,276.5,2.5,0,3.176596,1,55.6,0,4,0
2022/05/27 18:39:02,696,697,196.8,3.5,276.5,2.5,0,3.174521,1,55.6,0,4,0
2022/05/27 18:39:02,696,698,196.9,3.5,276.5,2.5,0,3.179186,1,55.6,0,4,0
2022/05/27 18:39:02,696,698,196.9,3.5,276.5,2.5,0,3.179186,1,55.6,0,4,0
2022/05/27 18:39:02,696,698,196.9,3.5,276.5,2.5,0,3.179186,1,55.6,0,4,0
2022/05/27 18:39:03,698,698,197.6,3.5,276.4,2.5,0,3.176376,1,55.9,0,4,0
2022/05/27 18:39:03,698,697,197.9,3.5,276.4,2.5,0,3.173815,1,56.1,0,4,0
2022/05/27 18:39:03,698,697,197.9,3.5,276.4,2.5,0,3.173815,1,56.1,0,4,0
2022/05/27 18:39:03,698,697,197.9,3.5,276.4,2.5,0,3.173815,1,56.1,0,4,0
2022/05/27 18:39:04,697,697,197.6,3.5,276.4,2.5,0,3.175698,1,56,0,4,0
2022/05/27 18:39:04,697,697,197.6,3.5,276.5,2.5,0,3.175314,1,56,0,4,0
2022/05/27 18:39:04,697,697,197.6,3.5,276.5,2.5,0,3.175314,1,56,0,4,0
2022/05/27 18:39:04,697,697,197.6,3.5,276.5,2.5,0,3.175314,1,56,0,4,0
2022/05/27 18:39:05,697,697,197.6,3.5,276.5,2.5,0,3.174031,1,56,0,4,0
2022/05/27 18:39:05,697,698,197.7,3.5,276.6,2.5,0,3.174512,1,56,0,4,0
2022/05/27 18:39:05,698,697,197.7,3.5,276.7,2.5,0,3.174501,1,56,0,4,0
2022/05/27 18:39:05,698,697,197.7,3.5,276.7,2.5,0,3.174501,1,56,0,4,0
2022/05/27 18:39:06,698,697,197.7,3.5,276.7,2.5,0,3.174501,1,56,0,4,0
2022/05/27 18:39:06,697,697,197.7,3.5,276.7,2.5,0,3.174515,1,56.1,0,4,0
2022/05/27 18:39:06,697,697,197.7,3.5,276.7,2.5,0,3.173455,1,56,0,4,0
2022/05/27 18:39:06,697,697,197.7,3.5,276.7,2.5,0,3.173455,1,56,0,4,0
2022/05/27 18:39:07,697,697,197.7,3.5,276.7,2.5,0,3.173455,1,56,0,4,0
2022/05/27 18:39:07,698,698,197.8,3.5,276.8,2.5,0,3.171956,1,56,0,4,0
2022/05/27 18:39:07,698,698,197.8,3.5,276.8,2.5,0,3.174553,1,56,0,4,0
2022/05/27 18:39:07,698,698,197.8,3.5,276.8,2.5,0,3.174553,1,56,0,4,0
2022/05/27 18:39:08,698,697,197.8,3.5,276.8,2.5,0,3.174926,1,56,0,4,0
2022/05/27 18:39:08,698,698,197.8,3.5,276.8,2.5,0,3.175025,1,56,0,4,0
2022/05/27 18:39:08,698,698,197.8,3.5,276.8,2.5,0,3.175025,1,56,0,4,0
2022/05/27 18:39:08,698,698,197.8,3.5,276.8,2.5,0,3.177751,1,56,0,4,0
2022/05/27 18:39:09,698,697,197.8,3.5,276.8,2.5,0,3.176154,1,56,0,4,0
2022/05/27 18:39:09,698,697,197.8,3.5,276.8,2.5,0,3.177014,1,56,0,4,0
2022/05/27 18:39:09,698,697,197.8,3.5,276.8,2.5,0,3.177014,1,56,0,4,0
2022/05/27 18:39:09,698,697,197.8,3.5,276.8,2.5,0,3.174534,1,56,0,4,0
2022/05/27 18:39:10,698,697,197.7,3.5,276.7,2.5,0,3.174515,1,56,0,4,0
2022/05/27 18:39:10,698,697,197.7,3.5,276.7,2.5,0,3.174515,1,56,0,4,0
2022/05/27 18:39:10,698,697,197.7,3.5,276.7,2.5,0,3.174515,1,56,0,4,0
2022/05/27 18:39:10,697,697,197.6,3.5,276.6,2.5,0,3.174505,1,56,0,4,0
2022/05/27 18:39:11,696,698,197.6,3.5,276.5,2.5,0,3.175786,1,56.1,0,4,0
2022/05/27 18:39:11,696,698,197.6,3.5,276.5,2.5,0,3.175786,1,56.1,0,4,0
2022/05/27 18:39:11,696,698,197.6,3.5,276.5,2.5,0,3.175786,1,56.1,0,4,0
2022/05/27 18:39:11,697,697,197.6,3.5,276.6,2.5,0,3.174725,1,56,0,4,0
2022/05/27 18:39:11,697,697,197.6,3.5,276.5,2.5,0,3.174526,1,56,0,4,0
2022/05/27 18:39:12,697,697,197.6,3.5,276.5,2.5,0,3.174526,1,56,0,4,0
2022/05/27 18:39:12,0,697,0,0,0,0,0,0,0,0,0,7,0
2022/05/27 18:39:12,0,0,0,0,0,0,0,0,0,0,0,1,0
2022/05/27 18:39:12,0,1,0,0,0,0,0,0,0,0,0,1,0
2022/05/27 18:39:13,0,1,0,0,0,0,0,0,0,0,0,1,0
2022/05/27 18:39:13,0,1,0,0,0,0,0,0,0,0,0,1,0
2022/05/27 18:39:13,0,0,0,0,0,0,0,0,0,0,0,1,0
2022/05/27 18:39:13,0,0,0,0,0,0,0,0,0,0,0,1,0
2022/05/27 18:39:14,0,0,0,0,0,0,0,0,0,0,0,1,0
2022/05/27 18:39:14,0,0,0,0,0,0,0,0,0,0,0,1,0
2022/05/27 18:39:14,0,0,0,0,0,0,0,0,0,0,0,1,0
2022/05/27 18:39:14,0,0,0,0,0,0,0,0,0,0,0,1,0
2022/05/27 18:39:15,0,0,0,0,0,0,0,0,0,0,0,1,0
2022/05/27 18:39:15,0,0,0,0,0,0,0,0,0,0,0,1,0
2022/05/27 18:39:15,0,1,0,0,0,0,0,0,0,0,0,1,0
2022/05/27 18:39:15,0,0,0,0,0,0,0,0,0,0,0,1,0
2022/05/27 18:39:16,0,0,0,0,0,0,0,0,0,0,0,1,0
2022/05/27 18:39:16,0,0,0,0,0,0,0,0,0,0,0,1,0
2022/05/27 18:39:16,0,0,0,0,0,0,0,0,0,0,0,1,0
2022/05/27 18:39:17,0,0,0,0,0,0,0,0,0,0,0,1,0
2022/05/27 18:39:17,0,0,0,0,0,0,0,0,0,0,0,1,0
2022/05/27 18:39:17,0,0,0,0,0,0,0,0,0,0,0,1,0
2022/05/27 18:39:17,0,0,0,0,0,0,0,0,0,0,0,1,0
2022/05/27 18:39:18,0,0,0,0,0,0,0,0,0,0,0,1,0
2022/05/27 18:39:18,0,0,0,0,0,0,0,0,0,0,0,1,0
2022/05/27 18:39:18,0,0,0,0,0,0,0,0,0,0,0,1,0
2022/05/27 18:39:18,0,0,0,0,0,0,0,0,0,0,0,1,0
2022/05/27 18:39:19,0,0,0,0,0,0,0,0,0,0,0,1,0
2022/05/27 18:39:19,0,0,0,0,0,0,0,0,0,0,0,1,0
2022/05/27 18:39:19,0,0,0,0,0,0,0,0,0,0,0,1,0
2022/05/27 18:39:19,0,0,0,0,0,0,0,0,0,0,0,1,0
2022/05/27 18:39:20,0,1,0,0,0,0,0,0,0,0,0,1,0
2022/05/27 18:39:20,0,0,0,0,0,0,0,0,0,0,0,1,0
2022/05/27 18:39:20,0,0,0,0,0,0,0,0,0,0,0,1,0
2022/05/27 18:39:20,0,0,0,0,0,0,0,0,0,0,0,1,0
2022/05/27 18:39:21,0,1,0,0,0,0,0,0,0,0,0,1,0
2022/05/27 18:39:21,0,0,0,0,0,0,0,0,0,0,0,1,0
2022/05/27 18:39:21,0,0,0,0,0,0,0,0,0,0,0,1,0
2022/05/27 18:39:21,0,0,0,0,0,0,0,0,0,0,0,1,0
2022/05/27 18:39:22,0,0,0,0,0,0,0,0,0,0,0,1,0
2022/05/27 18:39:22,0,0,0,0,0,0,0,0,0,0,0,1,0
2022/05/27 18:39:22,0,0,0,0,0,0,0,0,0,0,0,1,0
2022/05/27 18:39:22,0,1,0,0,0,0,0,0,0,0,0,1,0
2022/05/27 18:39:23,0,0,0,0,0,0,0,0,0,0,0,1,0
2022/05/27 18:39:23,0,0,0,0,0,0,0,0,0,0,0,1,0
2022/05/27 18:39:23,0,0,0,0,0,0,0,0,0,0,0,1,0
2022/05/27 18:39:23,0,0,0,0,0,0,0,0,0,0,0,1,0
2022/05/27 18:39:24,0,1,0,0,0,0,0,0,0,0,0,1,0
2022/05/27 18:39:24,0,0,0,0,0,0,0,0,0,0,0,1,0
2022/05/27 18:39:24,0,0,0,0,0,0,0,0,0,0,0,1,0
2022/05/27 18:39:24,0,0,0,0,0,0,0,0,0,0,0,1,0
2022/05/27 18:39:25,0,0,0,0,0,0,0,0,0,0,0,1,0
2022/05/27 18:39:25,0,0,0,0,0,0,0,0,0,0,0,1,0
2022/05/27 18:39:25,0,0,0,0,0,0,0,0,0,0,0,1,0
2022/05/27 18:39:25,0,0,0,0,0,0,0,0,0,0,0,1,0
2022/05/27 18:39:26,0,0,0,0,0,0,0,0,0,0,0,1,0
2022/05/27 18:39:26,0,0,0,0,0,0,0,0,0,0,0,1,0
2022/05/27 18:39:26,0,0,0,0,0,0,0,0,0,0,0,1,0
2022/05/27 18:39:26,0,0,0,0,0,0,0,0,0,0,0,1,0
2022/05/27 18:39:27,0,0,0,0,0,0,0,0,0,0,0,1,0
2022/05/27 18:39:27,0,0,0,0,0,0,0,0,0,0,0,1,0
2022/05/27 18:39:27,0,0,0,0,0,0,0,0,0,0,0,1,0
2022/05/27 18:39:27,0,0,0,0,0,0,0,0,0,0,0,1,0
2022/05/27 18:39:28,0,0,0,0,0,0,0,0,0,0,0,1,0
2022/05/27 18:39:28,0,0,0,0,0,0,0,0,0,0,0,1,0
2022/05/27 18:39:28,0,0,0,0,0,0,0,0,0,0,0,1,0
2022/05/27 18:39:28,0,0,0,0,0,0,0,0,0,0,0,1,0
2022/05/27 18:39:29,0,1,0,0,0,0,0,0,0,0,0,1,0
2022/05/27 18:39:29,0,0,0,0,0,0,0,0,0,0,0,1,0
2022/05/27 18:39:29,0,0,0,0,0,0,0,0,0,0,0,1,0
2022/05/27 18:39:29,0,0,0,0,0,0,0,0,0,0,0,1,0
2022/05/27 18:39:30,0,0,0,0,0,0,0,0,0,0,0,1,0
2022/05/27 18:39:30,0,0,0,0,0,0,0,0,0,0,0,1,0
2022/05/27 18:39:30,0,0,0,0,0,0,0,0,0,0,0,1,0
2022/05/27 18:39:30,0,0,0,0,0,0,0,0,0,0,0,1,0
2022/05/27 18:39:31,0,0,0,0,0,0,0,0,0,0,0,1,0
2022/05/27 18:39:31,0,0,0,0,0,0,0,0,0,0,0,1,0
2022/05/27 18:39:31,0,0,0,0,0,0,0,0,0,0,0,1,0
2022/05/27 18:39:31,0,0,0,0,0,0,0,0,0,0,0,1,0
2022/05/27 18:39:32,0,0,0,0,0,0,0,0,0,0,0,1,0
2022/05/27 18:39:32,0,1,0,0,0,0,0,0,0,0,0,1,0
2022/05/27 18:39:32,0,0,0,0,0,0,0,0,0,0,0,1,0
2022/05/27 18:39:32,0,0,0,0,0,0,0,0,0,0,0,1,0
2022/05/27 18:39:33,0,0,0,0,0,0,0,0,0,0,0,1,0
2022/05/27 18:39:33,0,0,0,0,0,0,0,0,0,0,0,1,0
2022/05/27 18:39:33,0,0,0,0,0,0,0,0,0,0,0,1,0
2022/05/27 18:39:33,0,0,0,0,0,0,0,0,0,0,0,1,0
2022/05/27 18:39:34,0,0,0,0,0,0,0,0,0,0,0,1,0
2022/05/27 18:39:34,0,0,0,0,0,0,0,0,0,0,0,1,0
2022/05/27 18:39:34,0,0,0,0,0,0,0,0,0,0,0,1,0
2022/05/27 18:39:34,0,0,0,0,0,0,0,0,0,0,0,1,0
2022/05/27 18:39:35,0,0,0,0,0,0,0,0,0,0,0,1,0
2022/05/27 18:39:35,0,0,0,0,0,0,0,0,0,0,0,1,0
2022/05/27 18:39:35,0,0,0,0,0,0,0,0,0,0,0,1,0
2022/05/27 18:39:35,0,0,0,0,0,0,0,0,0,0,0,1,0
2022/05/27 18:39:36,0,0,0,0,0,0,0,0,0,0,0,1,0
2022/05/27 18:39:36,0,0,0,0,0,0,0,0,0,0,0,1,0
2022/05/27 18:39:36,0,0,0,0,0,0,0,0,0,0,0,1,0
2022/05/27 18:39:37,0,0,0,0,0,0,0,0,0,0,0,1,0
2022/05/27 18:39:37,0,0,0,0,0,0,0,0,0,0,0,1,0
2022/05/27 18:39:37,0,0,0,0,0,0,0,0,0,0,0,1,0
2022/05/27 18:39:37,0,0,0,0,0,0,0,0,0,0,0,1,0
2022/05/27 18:39:38,0,0,0,0,0,0,0,0,0,0,0,1,0
2022/05/27 18:39:38,0,0,0,0,0,0,0,0,0,0,0,1,0
2022/05/27 18:39:38,0,0,0,0,0,0,0,0,0,0,0,1,0
2022/05/27 18:39:38,0,0,0,0,0,0,0,0,0,0,0,1,0
2022/05/27 18:39:39,0,0,0,0,0,0,0,0,0,0,0,1,0
2022/05/27 18:39:39,0,0,0,0,0,0,0,0,0,0,0,1,0
2022/05/27 18:39:39,0,0,0,0,0,0,0,0,0,0,0,1,0
2022/05/27 18:39:39,0,0,0,0,0,0,0,0,0,0,0,1,0
2022/05/27 18:39:40,0,0,0,0,0,0,0,0,0,0,0,1,0
2022/05/27 18:39:40,0,0,0,0,0,0,0,0,0,0,0,1,0
2022/05/27 18:39:40,0,0,0,0,0,0,0,0,0,0,0,1,0
2022/05/27 18:39:40,0,0,0,0,0,0,0,0,0,0,0,1,0
2022/05/27 18:39:41,0,0,0,0,0,0,0,0,0,0,0,1,0
2022/05/27 18:39:41,0,0,0,0,0,0,0,0,0,0,0,1,0
2022/05/27 18:39:41,0,0,0,0,0,0,0,0,0,0,0,1,0
2022/05/27 18:39:41,0,0,0,0,0,0,0,0,0,0,0,1,0
2022/05/27 18:39:41,0,0,0,0,0,0,0,0,0,0,0,1,0
2022/05/27 18:39:42,0,0,0,0,0,0,0,0,0,0,0,1,0
2022/05/27 18:39:42,0,0,0,0,0,0,0,0,0,0,0,1,0
2022/05/27 18:39:42,0,1,0,0,0,0,0,0,0,0,0,1,0
2022/05/27 18:39:42,0,0,0,0,0,0,0,0,0,0,0,1,0
2022/05/27 18:39:43,0,0,0,0,0,0,0,0,0,0,0,1,0
2022/05/27 18:39:43,0,0,0,0,0,0,0,0,0,0,0,1,0
2022/05/27 18:39:43,0,0,0,0,0,0,0,0,0,0,0,1,0
2022/05/27 18:39:43,0,0,0,0,0,0,0,0,0,0,0,1,0
2022/05/27 18:39:44,0,0,0,0,0,0,0,0,0,0,0,1,0
2022/05/27 18:39:44,0,0,0,0,0,0,0,0,0,0,0,1,0
2022/05/27 18:39:44,0,0,0,0,0,0,0,0,0,0,0,1,0
2022/05/27 18:39:44,0,0,0,0,0,0,0,0,0,0,0,1,0
2022/05/27 18:39:45,0,0,0,0,0,0,0,0,0,0,0,1,0
2022/05/27 18:39:45,0,0,0,0,0,0,0,0,0,0,0,1,0
2022/05/27 18:39:45,0,0,0,0,0,0,0,0,0,0,0,1,0
2022/05/27 18:39:45,0,0,0,0,0,0,0,0,0,0,0,1,0
2022/05/27 18:39:46,0,1,0,0,0,0,0,0,0,0,0,1,0
2022/05/27 18:39:46,0,0,0,0,0,0,0,0,0,0,0,1,0
2022/05/27 18:39:46,0,0,0,0,0,0,0,0,0,0,0,1,0
2022/05/27 18:39:47,0,0,0,0,0,0,0,0,0,0,0,1,0
2022/05/27 18:39:47,0,0,0,0,0,0,0,0,0,0,0,1,0
2022/05/27 18:39:47,0,0,0,0,0,0,0,0,0,0,0,1,0
2022/05/27 18:39:47,0,0,0,0,0,0,0,0,0,0,0,1,0
2022/05/27 18:39:48,0,0,0,0,0,0,0,0,0,0,0,1,0
2022/05/27 18:39:48,0,0,0,0,0,0,0,0,0,0,0,1,0
2022/05/27 18:39:48,0,0,0,0,0,0,0,0,0,0,0,1,0
2022/05/27 18:39:48,0,0,0,0,0,0,0,0,0,0,0,1,0
2022/05/27 18:39:48,0,0,0,0,0,0,0,0,0,0,0,1,0
2022/05/27 18:39:49,0,0,0,0,0,0,0,0,0,0,0,1,0
2022/05/27 18:39:49,0,0,0,0,0,0,0,0,0,0,0,1,0
2022/05/27 18:39:49,0,0,0,0,0,0,0,0,0,0,0,1,0
2022/05/27 18:39:49,0,1,0,0,0,0,0,0,0,0,0,1,0
2022/05/27 18:39:50,0,1,0,0,0,0,0,0,0,0,0,1,0
2022/05/27 18:39:50,0,1,0,0,0,0,0,0,0,0,0,1,0
2022/05/27 18:39:50,0,0,0,0,0,0,0,0,0,0,0,1,0
2022/05/27 18:39:50,0,0,0,0,0,0,0,0,0,0,0,1,0
2022/05/27 18:39:51,0,0,0,0,0,0,0,0,0,0,0,1,0
2022/05/27 18:39:51,0,0,0,0,0,0,0,0,0,0,0,1,0
2022/05/27 18:39:51,0,1,0,0,0,0,0,0,0,0,0,1,0
2022/05/27 18:39:51,0,0,0,0,0,0,0,0,0,0,0,1,0
2022/05/27 18:39:52,0,1,0,0,0,0,0,0,0,0,0,1,0
2022/05/27 18:39:52,0,0,0,0,0,0,0,0,0,0,0,1,0
2022/05/27 18:39:52,0,0,0,0,0,0,0,0,0,0,0,1,0
2022/05/27 18:39:53,0,0,0,0,0,0,0,0,0,0,0,1,0
2022/05/27 18:39:53,0,0,0,0,0,0,0,0,0,0,0,1,0
2022/05/27 18:39:53,0,0,0,0,0,0,0,0,0,0,0,1,0
2022/05/27 18:39:53,0,0,0,0,0,0,0,0,0,0,0,1,0
2022/05/27 18:39:54,0,0,0,0,0,0,0,0,0,0,0,1,0
2022/05/27 18:39:54,0,0,0,0,0,0,0,0,0,0,0,1,0
2022/05/27 18:39:54,0,0,0,0,0,0,0,0,0,0,0,1,0
2022/05/27 18:39:54,0,0,0,0,0,0,0,0,0,0,0,1,0
2022/05/27 18:39:55,0,0,0,0,0,0,0,0,0,0,0,1,0
2022/05/27 18:39:55,0,0,0,0,0,0,0,0,0,0,0,1,0
2022/05/27 18:39:55,0,0,0,0,0,0,0,0,0,0,0,1,0
2022/05/27 18:39:55,0,0,0,0,0,0,0,0,0,0,0,1,0
2022/05/27 18:39:56,0,0,0,0,0,0,0,0,0,0,0,1,0
2022/05/27 18:39:56,0,0,0,0,0,0,0,0,0,0,0,1,0
2022/05/27 18:39:56,0,0,0,0,0,0,0,0,0,0,0,1,0
2022/05/27 18:39:56,0,0,0,0,0,0,0,0,0,0,0,1,0
2022/05/27 18:39:57,0,0,0,0,0,0,0,0,0,0,0,1,0
2022/05/27 18:39:57,0,0,0,0,0,0,0,0,0,0,0,1,0
2022/05/27 18:39:57,0,0,0,0,0,0,0,0,0,0,0,1,0
2022/05/27 18:39:57,0,0,0,0,0,0,0,0,0,0,0,1,0
2022/05/27 18:39:58,0,0,0,0,0,0,0,0,0,0,0,1,0
2022/05/27 18:39:58,0,0,0,0,0,0,0,0,0,0,0,1,0
2022/05/27 18:39:58,0,0,0,0,0,0,0,0,0,0,0,1,0
2022/05/27 18:39:58,0,0,0,0,0,0,0,0,0,0,0,1,0
2022/05/27 18:39:59,0,0,0,0,0,0,0,0,0,0,0,1,0
2022/05/27 18:39:59,0,0,0,0,0,0,0,0,0,0,0,1,0
2022/05/27 18:39:59,0,1,0,0,0,0,0,0,0,0,0,1,0
2022/05/27 18:39:59,0,0,0,0,0,0,0,0,0,0,0,1,0
2022/05/27 18:40:00,0,1,0,0,0,0,0,0,0,0,0,1,0
2022/05/27 18:40:00,0,1,0,0,0,0,0,0,0,0,0,1,0
2022/05/27 18:40:00,0,1,0,0,0,0,0,0,0,0,0,1,0
2022/05/27 18:40:00,0,0,0,0,0,0,0,0,0,0,0,1,0
2022/05/27 18:40:01,0,0,0,0,0,0,0,0,0,0,0,1,0
2022/05/27 18:40:01,0,0,0,0,0,0,0,0,0,0,0,1,0
2022/05/27 18:40:01,0,0,0,0,0,0,0,0,0,0,0,1,0
2022/05/27 18:40:01,0,0,0,0,0,0,0,0,0,0,0,1,0
2022/05/27 18:40:02,0,1,0,0,0,0,0,0,0,0,0,1,0
2022/05/27 18:40:02,0,1,0,0,0,0,0,0,0,0,0,1,0
2022/05/27 18:40:02,0,1,0,0,0,0,0,0,0,0,0,1,0
2022/05/27 18:40:02,0,0,0,0,0,0,0,0,0,0,0,1,0
2022/05/27 18:40:03,0,0,0,0,0,0,0,0,0,0,0,1,0
2022/05/27 18:40:03,0,0,0,0,0,0,0,0,0,0,0,1,0
2022/05/27 18:40:03,0,0,0,0,0,0,0,0,0,0,0,1,0
2022/05/27 18:40:03,0,1,0,0,0,0,0,0,0,0,0,1,0
2022/05/27 18:40:04,0,0,0,0,0,0,0,0,0,0,0,1,0
2022/05/27 18:40:04,0,0,0,0,0,0,0,0,0,0,0,1,0
2022/05/27 18:40:04,0,1,0,0,0,0,0,0,0,0,0,1,0
2022/05/27 18:40:04,0,0,0,0,0,0,0,0,0,0,0,1,0
2022/05/27 18:40:05,0,0,0,0,0,0,0,0,0,0,0,1,0
2022/05/27 18:40:05,0,0,0,0,0,0,0,0,0,0,0,1,0
2022/05/27 18:40:05,0,0,0,0,0,0,0,0,0,0,0,1,0
2022/05/27 18:40:05,0,1,0,0,0,0,0,0,0,0,0,1,0
2022/05/27 18:40:06,0,1,0,0,0,0,0,0,0,0,0,1,0
2022/05/27 18:40:06,0,1,0,0,0,0,0,0,0,0,0,1,0
2022/05/27 18:40:06,0,0,0,0,0,0,0,0,0,0,0,1,0
2022/05/27 18:40:06,0,0,0,0,0,0,0,0,0,0,0,1,0
2022/05/27 18:40:07,0,0,0,0,0,0,0,0,0,0,0,1,0
2022/05/27 18:40:07,0,0,0,0,0,0,0,0,0,0,0,1,0
2022/05/27 18:40:07,0,1,0,0,0,0,0,0,0,0,0,1,0
2022/05/27 18:40:07,0,0,0,0,0,0,0,0,0,0,0,1,0
2022/05/27 18:40:08,0,0,0,0,0,0,0,0,0,0,0,1,0
2022/05/27 18:40:08,0,0,0,0,0,0,0,0,0,0,0,1,0
2022/05/27 18:40:08,0,0,0,0,0,0,0,0,0,0,0,1,0
2022/05/27 18:40:08,0,0,0,0,0,0,0,0,0,0,0,1,0
2022/05/27 18:40:09,0,0,0,0,0,0,0,0,0,0,0,1,0
2022/05/27 18:40:09,0,0,0,0,0,0,0,0,0,0,0,1,0
2022/05/27 18:40:09,0,0,0,0,0,0,0,0,0,0,0,1,0
2022/05/27 18:40:09,0,0,0,0,0,0,0,0,0,0,0,1,0
2022/05/27 18:40:10,0,0,0,0,0,0,0,0,0,0,0,1,0
2022/05/27 18:40:10,0,0,0,0,0,0,0,0,0,0,0,1,0
2022/05/27 18:40:10,0,0,0,0,0,0,0,0,0,0,0,1,0
2022/05/27 18:40:10,0,0,0,0,0,0,0,0,0,0,0,1,0
