,PC1
1653675286,-0.8463622108760486
1653675286,-0.846362210876049
1653675286,-0.846362210876049
1653675286,-0.846362210876049
1653675286,-0.8471666565958083
1653675287,-0.8471666565958083
1653675287,-0.8471666565958083
1653675287,-0.8471666565958083
1653675287,-0.8471666565958083
1653675288,-0.8471666565958083
1653675288,-0.8471666565958136
1653675288,-0.847166656595814
1653675288,-0.8471666565958138
1653675289,-0.8471666565958083
1653675289,-0.8471666565958083
1653675289,-0.8471666565958083
1653675289,-0.8471666565958083
1653675290,-0.8471666565958083
1653675290,-0.8471666565958083
1653675290,-0.8471666565958083
1653675290,-0.8471666565958083
1653675291,-0.8471666565958083
1653675291,-0.8471666565958083
1653675291,-0.8471666565958083
1653675291,-0.846362210876049
1653675291,-0.8471666565958083
1653675292,-0.8471666565958083
1653675292,-0.8471666565958083
1653675292,-0.8471666565958083
1653675292,-0.8471666565958083
1653675293,-0.8471666565958083
1653675293,-0.846362210876049
1653675293,-0.8471666565958083
1653675293,-0.8471666565958083
1653675294,-0.8471666565958083
1653675294,-0.8471666565958083
1653675294,-0.8471666565958083
1653675294,-0.8471666565958083
1653675295,-0.846362210876049
1653675295,-0.846362210876049
1653675295,-0.846362210876049
1653675295,-0.8471666565958083
1653675295,-0.8471666565958083
1653675296,-0.8471666565958083
1653675296,-0.8471666565958083
1653675296,-0.8471666565958083
1653675296,-0.8471666565958083
1653675297,-0.8471666565958083
1653675297,-0.846362210876049
1653675297,-0.846362210876049
1653675297,-0.846362210876049
1653675298,-0.846362210876049
1653675298,-0.8471666565958083
1653675298,-0.8471666565958083
1653675298,-0.8471666565958083
1653675298,-0.8471666565958083
1653675299,-0.8471666565958083
1653675299,-0.8471666565958083
1653675299,-0.8471666565958083
1653675299,-0.8471666565958083
1653675300,-0.8471666565958083
1653675300,-0.8471666565958083
1653675300,-0.8471666565958083
1653675300,-0.8471666565958083
1653675301,-0.8471666565958083
1653675301,-0.8471666565958083
1653675301,-0.8471666565958083
1653675301,-0.8471666565958083
1653675302,-0.8471666565958083
1653675302,-0.8471666565958083
1653675302,-0.8471666565958083
1653675302,-0.8471666565958083
1653675303,-0.8471666565958083
1653675303,-0.8471666565958083
1653675303,-0.8471666565958083
1653675303,-0.8471666565958083
1653675304,-0.846362210876049
1653675304,-0.8471666565958083
1653675304,-0.8471666565958083
1653675304,-0.8471666565958083
1653675304,-0.8471666565958083
1653675305,-0.8471666565958083
1653675305,-0.8471666565958083
1653675305,-0.8471666565958083
1653675305,-0.846362210876049
1653675306,-0.846362210876049
1653675306,-0.8471666565958083
1653675306,-0.8471666565958083
1653675306,-0.8471666565958083
1653675307,-0.8471666565958083
1653675307,-0.8471666565958083
1653675307,-0.8471666565958083
1653675307,-0.8471666565958083
1653675308,-0.8471666565958083
1653675308,-0.846362210876049
1653675308,-0.846362210876049
1653675308,-0.846362210876049
1653675309,-0.8471666565958083
1653675309,-0.8471666565958083
1653675309,-0.8471666565958083
1653675309,-0.8471666565958083
1653675309,-0.846362210876049
1653675310,-0.846362210876049
1653675310,-0.846362210876049
1653675310,-0.846362210876049
1653675310,-0.8471666565958083
1653675311,-0.8471666565958083
1653675311,-0.8471666565958083
1653675311,-0.8471666565958083
1653675311,-0.8471666565958083
1653675312,-0.8471666565958083
1653675312,-0.8471666565958083
1653675312,-0.8471666565958083
1653675312,-0.8471666565958083
1653675313,-0.846362210876049
1653675313,-0.8471666565958083
1653675313,-0.8471666565958083
1653675313,-0.8471666565958083
1653675314,-0.8471666565958083
1653675314,-0.8471666565958083
1653675314,-0.8471666565958083
1653675314,-0.8471666565958083
1653675314,-0.8471666565958083
1653675315,-0.8471666565958083
1653675315,-0.8471666565958083
1653675315,-0.8471666565958083
1653675315,-0.8471666565958083
1653675316,-0.8471666565958083
1653675316,-0.8471666565958083
1653675316,-0.8471666565958083
1653675316,-0.8471666565958083
1653675317,-0.8471666565958083
1653675317,-0.8471666565958083
1653675317,-0.8471666565958083
1653675317,-0.8471666565958083
1653675318,-0.8471666565958083
1653675318,-0.8471666565958083
1653675318,-0.8471666565958083
1653675318,-0.8471666565958083
1653675318,-0.846362210876049
1653675319,-0.8471666565958083
1653675319,-0.8471666565958083
1653675319,-0.8192573939744625
1653675319,-0.8200618396942215
1653675320,-0.8200618396942215
1653675320,-0.5027984555297871
1653675320,-0.4448783637071242
1653675320,-0.4448783637071242
1653675321,-0.4448783637071242
1653675321,-0.4456828094268835
1653675321,-0.4456828094268835
1653675321,-0.4456828094268835
1653675322,-0.4456828094268835
1653675322,1.7922628648207684
1653675322,1.7922628648207684
1653675322,2.11585346497172
1653675322,2.120363173140664
1653675323,2.120363173140664
1653675323,2.1669596589013036
1653675323,2.1658119918489667
1653675323,2.1658119918489667
1653675324,2.1658119918489667
1653675324,2.169278114197007
1653675324,2.171841137642627
1653675324,2.171841137642627
1653675325,2.1702143753101244
1653675325,2.171438413934793
1653675325,2.171438413934793
1653675325,2.1712195689066514
1653675325,2.1732659241440633
1653675326,2.1732659241440633
1653675326,2.1732659241440633
1653675326,2.1737347643353373
1653675326,2.1737347643353373
1653675327,2.1737347643353373
1653675327,2.173432924900178
1653675327,2.171860228550977
1653675327,2.171860228550977
1653675328,2.1717422638859794
1653675328,2.171796118674032
1653675328,2.171796118674032
1653675328,2.171796118674032
1653675328,2.17226295225881
1653675329,2.173011321479242
1653675329,2.173011321479242
1653675329,2.17138455914674
1653675329,2.172370661834917
1653675330,2.172370661834917
1653675330,2.17138455914674
1653675330,2.172316807046864
1653675330,2.171502523811737
1653675331,2.171502523811737
1653675331,2.1713307043586862
1653675331,2.172370661834917
1653675331,2.172370661834917
1653675332,2.172370661834917
1653675332,2.171266594481743
1653675332,2.171266594481743
1653675332,2.171266594481743
1653675332,2.1714486690236834
1653675333,2.1727924764510997
1653675333,2.1727924764510997
1653675333,2.1727924764510997
1653675333,2.173898550410772
1653675334,2.173898550410772
1653675334,2.173898550410772
1653675334,2.174016515075768
1653675334,2.1739626602877156
1653675335,2.1739626602877156
1653675335,2.1739626602877156
1653675335,2.173908805499662
1653675335,2.173908805499662
1653675336,2.173908805499662
1653675336,2.172618852860298
1653675336,2.172618852860298
1653675336,2.172618852860298
1653675337,-0.8471666565958083
1653675337,-0.8471666565958083
1653675337,-0.8471666565958083
1653675337,-0.8471666565958083
1653675337,-0.8471666565958083
1653675338,-0.8471666565958083
1653675338,-0.8471666565958083
1653675338,-0.8471666565958083
1653675338,-0.8471666565958083
1653675339,-0.8471666565958083
1653675339,-0.8471666565958083
1653675339,-0.8471666565958083
1653675339,-0.8471666565958083
1653675340,-0.8471666565958083
1653675340,-0.8471666565958083
1653675340,-0.846362210876049
1653675340,-0.8471666565958083
1653675341,-0.8471666565958083
1653675341,-0.8471666565958083
1653675341,-0.8471666565958083
1653675341,-0.8471666565958083
1653675342,-0.8471666565958083
1653675342,-0.8471666565958083
1653675342,-0.8471666565958083
1653675342,-0.8471666565958083
1653675343,-0.8471666565958083
1653675343,-0.8471666565958083
1653675343,-0.8471666565958083
1653675343,-0.8471666565958083
1653675343,-0.8471666565958083
1653675344,-0.8471666565958083
1653675344,-0.8471666565958083
1653675344,-0.8471666565958083
1653675344,-0.8471666565958083
1653675345,-0.8471666565958083
1653675345,-0.8471666565958083
1653675345,-0.8471666565958083
1653675345,-0.8471666565958083
1653675346,-0.8471666565958083
1653675346,-0.8471666565958083
1653675346,-0.8471666565958083
1653675346,-0.8471666565958083
1653675347,-0.8471666565958083
1653675347,-0.8471666565958083
1653675347,-0.8471666565958083
1653675347,-0.8471666565958083
1653675348,-0.8471666565958083
1653675348,-0.8471666565958083
1653675348,-0.846362210876049
1653675348,-0.8471666565958083
1653675349,-0.8471666565958083
1653675349,-0.8471666565958083
1653675349,-0.8471666565958083
1653675349,-0.8471666565958083
1653675350,-0.8471666565958083
1653675350,-0.8471666565958083
1653675350,-0.8471666565958083
1653675350,-0.8471666565958083
1653675351,-0.8471666565958083
1653675351,-0.8471666565958083
1653675351,-0.8471666565958083
1653675351,-0.8471666565958083
1653675351,-0.8471666565958083
1653675352,-0.8471666565958083
1653675352,-0.8471666565958083
1653675352,-0.846362210876049
1653675352,-0.846362210876049
1653675353,-0.846362210876049
1653675353,-0.8471666565958083
1653675353,-0.8471666565958083
1653675353,-0.8471666565958083
1653675354,-0.8471666565958083
1653675354,-0.846362210876049
1653675354,-0.8471666565958083
1653675354,-0.8471666565958083
1653675355,-0.8471666565958083
1653675355,-0.8471666565958083
1653675355,-0.8471666565958083
1653675355,-0.8471666565958083
1653675355,-0.846362210876049
1653675356,-0.8471666565958083
1653675356,-0.8471666565958083
1653675356,-0.8471666565958083
1653675356,-0.8471666565958083
1653675357,-0.8471666565958083
1653675357,-0.8471666565958083
1653675357,-0.8471666565958083
1653675357,-0.8471666565958083
1653675358,-0.8471666565958083
1653675358,-0.846362210876049
1653675358,-0.8471666565958083
1653675358,-0.8471666565958083
1653675358,-0.8471666565958083
1653675359,-0.8471666565958083
1653675359,-0.8471666565958083
1653675359,-0.846362210876049
1653675359,-0.8471666565958083
1653675360,-0.846362210876049
1653675360,-0.846362210876049
1653675360,-0.846362210876049
1653675360,-0.8471666565958083
1653675361,-0.8471666565958083
1653675361,-0.8471666565958083
1653675361,-0.8471666565958083
1653675361,-0.8471666565958083
1653675362,-0.8471666565958083
1653675362,-0.8471666565958083
1653675362,-0.846362210876049
1653675362,-0.846362210876049
1653675362,-0.8471666565958083
1653675363,-0.8471666565958083
1653675363,-0.8471666565958083
1653675363,-0.8471666565958083
1653675363,-0.8471666565958083
1653675364,-0.8471666565958083
1653675364,-0.8471666565958083
1653675364,-0.8192573939744625
1653675364,-0.7621417478715585
1653675365,-0.4448783637071242
1653675365,-0.4448783637071242
1653675365,-0.4448783637071242
1653675365,-0.4448783637071242
1653675366,-0.4448783637071242
1653675366,-0.4448783637071242
1653675366,-0.4456828094268835
1653675366,-0.4448783637071242
1653675367,-0.4448783637071242
1653675367,-0.4448783637071242
1653675367,2.1323137401406695
1653675367,2.130903816229812
1653675368,2.130903816229812
1653675368,2.1687247009546273
1653675368,2.168788810831571
1653675368,2.168788810831571
1653675369,2.168788810831571
1653675369,2.1700146535939906
1653675369,2.1700146535939906
1653675369,2.1700146535939906
1653675369,2.169774913519748
1653675370,2.168734956043518
1653675370,2.168734956043518
1653675370,2.168734956043518
1653675370,2.1687247009546273
1653675371,2.1687247009546273
1653675371,2.1687247009546273
1653675371,2.1687247009546273
1653675371,2.1686730678778483
1653675372,2.1686730678778483
1653675372,2.1685631365904667
1653675372,2.16844517192547
1653675372,2.16844517192547
1653675373,2.16844517192547
1653675373,2.16796829835658
1653675373,2.16796829835658
1653675373,2.16796829835658
1653675373,2.167912221857252
1653675374,2.1677506574930914
1653675374,2.1677506574930914
1653675374,2.167860588780473
1653675374,2.1677506574930914
1653675375,2.1675028840412334
1653675375,2.1675028840412334
1653675375,2.168325200653976
1653675375,2.168435131941357
1653675376,2.168435131941357
1653675376,2.172291703665812
1653675376,2.174897303794765
1653675376,2.174897303794765
1653675377,2.174897303794765
1653675377,2.17899383069824
1653675377,2.1790579405751838
1653675377,2.1790579405751838
1653675377,2.1788861211221335
1653675378,2.1778359085570123
1653675378,2.1778359085570123
1653675378,2.1778359085570123
1653675378,2.177703878058876
1653675379,2.1769016540503925
1653675379,2.1769016540503925
1653675379,2.176947475460829
1653675379,2.176425984646155
1653675380,2.176425984646155
1653675380,2.176425984646155
1653675380,2.176479839434209
1653675380,2.176893620672776
1653675381,2.176893620672776
1653675381,2.176893620672776
1653675381,1.8618315160046586
1653675381,-0.8447533194365304
1653675382,-0.8447533194365304
1653675382,-0.8447533194365304
1653675382,-0.8471666565958083
1653675382,-0.846362210876049
1653675383,-0.846362210876049
1653675383,-0.846362210876049
1653675383,-0.8471666565958083
1653675383,-0.8471666565958083
1653675384,-0.8471666565958083
1653675384,-0.846362210876049
1653675384,-0.8471666565958083
1653675384,-0.8471666565958083
1653675384,-0.8471666565958083
1653675385,-0.8471666565958083
1653675385,-0.8471666565958083
1653675385,-0.8471666565958083
1653675385,-0.8471666565958083
1653675386,-0.8471666565958083
1653675386,-0.8471666565958083
1653675386,-0.8471666565958083
1653675386,-0.8471666565958083
1653675387,-0.8471666565958083
1653675387,-0.8471666565958083
1653675387,-0.8471666565958083
1653675387,-0.8471666565958083
1653675388,-0.8471666565958083
1653675388,-0.8471666565958083
1653675388,-0.8471666565958083
1653675388,-0.8471666565958083
1653675389,-0.8471666565958083
1653675389,-0.8471666565958083
1653675389,-0.8471666565958083
1653675389,-0.8471666565958083
1653675389,-0.8471666565958083
1653675390,-0.8471666565958083
1653675390,-0.8471666565958083
1653675390,-0.8471666565958083
1653675390,-0.8471666565958083
1653675391,-0.8471666565958083
1653675391,-0.8471666565958083
1653675391,-0.8471666565958083
1653675391,-0.8471666565958083
1653675392,-0.8471666565958083
1653675392,-0.8471666565958083
1653675392,-0.846362210876049
1653675392,-0.846362210876049
1653675393,-0.8471666565958083
1653675393,-0.8471666565958083
1653675393,-0.8471666565958083
1653675393,-0.8471666565958083
1653675393,-0.8471666565958083
1653675394,-0.8471666565958083
1653675394,-0.8471666565958083
1653675394,-0.8471666565958083
1653675394,-0.8471666565958083
1653675395,-0.8471666565958083
1653675395,-0.8471666565958083
1653675395,-0.8471666565958083
1653675395,-0.8471666565958083
1653675396,-0.8471666565958083
1653675396,-0.8471666565958083
1653675396,-0.8471666565958083
1653675396,-0.8471666565958083
1653675397,-0.8471666565958083
1653675397,-0.8471666565958083
1653675397,-0.8471666565958083
1653675397,-0.8471666565958083
1653675398,-0.8471666565958083
1653675398,-0.8471666565958083
1653675398,-0.8471666565958083
1653675398,-0.8471666565958083
1653675399,-0.8471666565958083
1653675399,-0.846362210876049
1653675399,-0.846362210876049
1653675399,-0.846362210876049
1653675399,-0.8471666565958083
1653675400,-0.8471666565958083
1653675400,-0.8471666565958083
1653675400,-0.8471666565958083
1653675400,-0.8471666565958083
1653675401,-0.8471666565958083
1653675401,-0.8471666565958083
1653675401,-0.8471666565958083
1653675401,-0.8471666565958083
1653675402,-0.8471666565958083
1653675402,-0.8471666565958083
1653675402,-0.846362210876049
1653675402,-0.846362210876049
1653675402,-0.846362210876049
1653675403,-0.8471666565958083
1653675403,-0.8471666565958083
1653675403,-0.8471666565958083
1653675403,-0.846362210876049
1653675404,-0.846362210876049
1653675404,-0.846362210876049
1653675404,-0.846362210876049
1653675404,-0.8471666565958083
1653675405,-0.8471666565958083
1653675405,-0.8471666565958083
1653675405,-0.8471666565958083
1653675405,-0.846362210876049
1653675406,-0.846362210876049
1653675406,-0.8471666565958083
1653675406,-0.8471666565958083
1653675406,-0.8471666565958083
1653675406,-0.8471666565958083
1653675407,-0.8471666565958083
1653675407,-0.8471666565958083
1653675407,-0.8471666565958083
1653675407,-0.8471666565958083
1653675408,-0.8471666565958083
1653675408,-0.8471666565958083
1653675408,-0.8471666565958083
1653675408,-0.8471666565958083
1653675409,-0.8471666565958083
1653675409,-0.8471666565958083
1653675409,-0.846362210876049
1653675409,-0.846362210876049
1653675410,-0.846362210876049
1653675410,-0.8471666565958083
1653675410,-0.8200618396942215
1653675410,-0.8200618396942215
1653675410,-0.8184529482547032
1653675411,-0.4899273240136398
1653675411,-0.4899273240136398
1653675411,-0.4899273240136398
1653675411,-0.4456828094268835
1653675412,-0.4456828094268835
1653675412,-0.4456828094268835
1653675412,-0.4456828094268835
1653675412,-0.4448783637071242
1653675413,-0.4448783637071242
1653675413,0.5138528354199527
1653675413,2.159254703358624
1653675413,2.159254703358624
1653675414,2.159254703358624
1653675414,2.1737845510186373
1653675414,2.1746428515264498
1653675414,2.1746428515264498
1653675414,2.1738303724290753
1653675415,2.1729720719212624
1653675415,2.1729720719212624
1653675415,2.1729720719212624
1653675415,2.1729720719212624
1653675416,2.1734085578128917
1653675416,2.173604698187971
1653675416,2.173604698187971
1653675416,2.173604698187971
1653675417,2.176190832706563
1653675417,2.175386386986804
1653675417,2.175386386986804
1653675417,2.1763087973715605
1653675418,2.176710101809964
1653675418,2.176710101809964
1653675418,2.176710101809964
1653675418,2.17665624702191
1653675419,2.175744091726043
1653675419,2.175744091726043
1653675419,2.175862056391041
1653675419,2.176033875844092
1653675420,2.176033875844092
1653675420,2.176033875844092
1653675420,2.1777289763713092
1653675420,2.177836685947416
1653675420,2.177836685947416
1653675421,2.1770322402276565
1653675421,2.1769783854396034
1653675421,2.1769783854396034
1653675421,2.1769783854396034
1653675422,2.175754346814934
1653675422,2.175915911179094
1653675422,2.175915911179094
1653675422,2.1758082016029876
1653675423,2.175744091726043
1653675423,2.175744091726043
1653675423,2.175396642075695
1653675423,2.174691872554426
1653675424,2.174691872554426
1653675424,2.174691872554426
1653675424,2.174334167815186
1653675424,2.1742803130271326
1653675425,2.1742803130271326
1653675425,2.175378353609188
1653675425,2.1760831231304563
1653675425,2.175797946514097
1653675425,2.175797946514097
1653675426,2.176912268956163
1653675426,2.177910633339727
1653675426,2.177910633339727
1653675426,2.1777828311593623
1653675427,2.1759261662679843
1653675427,2.252472495394731
1653675427,2.252472495394731
1653675427,-0.5985929291902137
1653675428,-0.846362210876049
1653675428,-0.846362210876049
1653675428,-0.846362210876049
1653675428,-0.8471666565958083
1653675429,-0.846362210876049
1653675429,-0.846362210876049
1653675429,-0.8471666565958083
1653675429,-0.8471666565958083
1653675430,-0.8471666565958083
1653675430,-0.8471666565958083
1653675430,-0.846362210876049
1653675430,-0.8471666565958083
1653675430,-0.8471666565958083
1653675431,-0.8471666565958083
1653675431,-0.8471666565958083
1653675431,-0.8471666565958083
1653675431,-0.8471666565958083
1653675432,-0.8471666565958083
1653675432,-0.8471666565958083
1653675432,-0.8471666565958083
1653675432,-0.8471666565958083
1653675433,-0.8471666565958083
1653675433,-0.8471666565958083
1653675433,-0.8471666565958083
1653675433,-0.8471666565958083
1653675434,-0.8471666565958083
1653675434,-0.8471666565958083
1653675434,-0.8471666565958083
1653675434,-0.8471666565958083
1653675435,-0.8471666565958083
1653675435,-0.8471666565958083
1653675435,-0.8471666565958083
1653675435,-0.846362210876049
1653675436,-0.846362210876049
1653675436,-0.846362210876049
1653675436,-0.8471666565958083
1653675436,-0.846362210876049
1653675436,-0.846362210876049
1653675437,-0.8471666565958083
1653675437,-0.846362210876049
1653675437,-0.846362210876049
1653675437,-0.846362210876049
1653675438,-0.8471666565958083
1653675438,-0.846362210876049
1653675438,-0.846362210876049
1653675438,-0.8471666565958083
1653675439,-0.8471666565958083
1653675439,-0.8471666565958083
1653675439,-0.8471666565958083
1653675439,-0.846362210876049
1653675440,-0.8471666565958083
1653675440,-0.8471666565958083
1653675440,-0.8471666565958083
1653675440,-0.8471666565958083
1653675441,-0.8471666565958083
1653675441,-0.8471666565958083
1653675441,-0.846362210876049
1653675441,-0.8471666565958083
1653675441,-0.8471666565958083
1653675442,-0.8471666565958083
1653675442,-0.8471666565958083
1653675442,-0.8471666565958083
1653675442,-0.8471666565958083
1653675443,-0.8471666565958083
1653675443,-0.8471666565958083
1653675443,-0.8471666565958083
1653675443,-0.8471666565958083
1653675444,-0.846362210876049
1653675444,-0.846362210876049
1653675444,-0.846362210876049
1653675444,-0.8471666565958083
1653675445,-0.846362210876049
1653675445,-0.846362210876049
1653675445,-0.846362210876049
1653675445,-0.8471666565958083
1653675446,-0.8471666565958083
1653675446,-0.8471666565958083
1653675446,-0.8471666565958083
1653675446,-0.8471666565958083
1653675446,-0.8471666565958083
1653675447,-0.8471666565958083
1653675447,-0.8471666565958083
1653675447,-0.8471666565958083
1653675447,-0.8471666565958083
1653675448,-0.8471666565958083
1653675448,-0.8471666565958083
1653675448,-0.8471666565958083
1653675448,-0.8471666565958083
1653675449,-0.8471666565958083
1653675449,-0.8471666565958083
1653675449,-0.8471666565958083
1653675449,-0.8471666565958083
1653675450,-0.8471666565958083
1653675450,-0.846362210876049
1653675450,-0.846362210876049
1653675450,-0.846362210876049
1653675451,-0.8471666565958083
1653675451,-0.8471666565958083
1653675451,-0.8471666565958083
1653675451,-0.846362210876049
1653675452,-0.846362210876049
1653675452,-0.846362210876049
1653675452,-0.8471666565958083
1653675452,-0.846362210876049
1653675453,-0.846362210876049
1653675453,-0.846362210876049
1653675453,-0.8471666565958083
1653675453,-0.8471666565958083
1653675453,-0.8471666565958083
1653675454,-0.8471666565958083
1653675454,-0.8471666565958083
1653675454,-0.8471666565958083
1653675454,-0.846362210876049
1653675455,-0.8471666565958083
1653675455,-0.8471666565958083
1653675455,-0.8471666565958083
1653675455,-0.8471666565958083
1653675456,-0.8471666565958083
1653675456,-0.8471666565958083
1653675456,-0.8471666565958083
1653675456,-0.7959284681014451
1653675457,-0.7959284681014451
1653675457,-0.7959284681014451
1653675457,-0.4456828094268835
1653675457,-0.4456828094268835
1653675457,-0.4456828094268835
1653675458,-0.4456828094268835
1653675458,-0.4456828094268835
1653675458,-0.4456828094268835
1653675458,-0.4456828094268835
1653675459,-0.4448783637071242
1653675459,-0.4448783637071242
1653675459,-0.4448783637071242
1653675459,2.133213159550889
1653675460,2.1346836031684284
1653675460,2.1346836031684284
1653675460,2.167295431531844
1653675460,2.1663551502541027
1653675460,2.1663551502541027
1653675461,2.1663551502541027
1653675461,2.1663551502541027
1653675461,2.1691559071674686
1653675461,2.1691559071674686
1653675462,2.1699309887847473
1653675462,2.1757260037017616
1653675462,2.1757260037017616
1653675462,2.1775346311558312
1653675463,2.176916070722261
1653675463,2.176916070722261
1653675463,2.176916070722261
1653675463,2.1770340353872584
1653675464,2.177087890175312
1653675464,2.177087890175312
1653675464,2.1787787623847574
1653675464,2.1772058548403086
1653675465,2.1772058548403086
1653675465,2.1772058548403086
1653675465,2.1780739928634887
1653675465,2.178714652507814
1653675465,2.178714652507814
1653675466,2.177087890175312
1653675466,2.1771538041900063
1653675466,2.1766682972704023
1653675466,2.1766682972704023
1653675467,2.1758638515506425
1653675467,2.1762567377431083
1653675467,2.1762567377431083
1653675467,2.1753343273583523
1653675468,2.175498113433787
1653675468,2.175498113433787
1653675468,2.175498113433787
1653675468,2.174693667714027
1653675469,2.1759669536250614
1653675469,2.1759669536250614
1653675469,2.174904896938076
1653675469,2.174036341341373
1653675469,2.174036341341373
1653675470,2.174036341341373
1653675470,2.173918376676376
1653675470,2.173918376676376
1653675470,2.173918376676376
1653675471,2.172866157504757
1653675471,2.1736167484364635
1653675471,2.1736167484364635
1653675471,2.1726943380517074
1653675472,2.1722626859201553
1653675472,2.1722626859201553
1653675472,2.1731410790322263
1653675472,2.1731410790322263
1653675472,2.1731410790322263
1653675473,2.1731410790322263
1653675473,2.2545734944019844
1653675473,-0.66294858677095
1653675473,-0.66294858677095
1653675474,-0.846362210876049
1653675474,-0.8471666565958083
1653675474,-0.8471666565958083
1653675474,-0.846362210876049
1653675475,-0.8471666565958083
1653675475,-0.8471666565958083
1653675475,-0.8471666565958083
1653675475,-0.8471666565958083
1653675476,-0.8471666565958083
1653675476,-0.8471666565958083
1653675476,-0.846362210876049
1653675476,-0.8471666565958083
1653675477,-0.8471666565958083
1653675477,-0.8471666565958083
1653675478,-0.8471666565958083
1653675478,-0.8471666565958083
1653675478,-0.846362210876049
1653675478,-0.846362210876049
1653675479,-0.846362210876049
1653675479,-0.846362210876049
1653675479,-0.8471666565958083
1653675479,-0.8471666565958083
1653675480,-0.8471666565958083
1653675480,-0.8471666565958083
1653675480,-0.8471666565958083
1653675480,-0.8471666565958083
1653675481,-0.8471666565958083
1653675481,-0.8471666565958083
1653675481,-0.8471666565958083
1653675481,-0.8471666565958083
1653675482,-0.8471666565958083
1653675482,-0.8471666565958083
1653675482,-0.8471666565958083
1653675482,-0.8471666565958083
1653675483,-0.8471666565958083
1653675483,-0.8471666565958083
1653675483,-0.8471666565958083
1653675483,-0.8471666565958083
1653675484,-0.8471666565958083
1653675484,-0.8471666565958083
1653675484,-0.8471666565958083
1653675484,-0.8471666565958083
1653675485,-0.8471666565958083
1653675485,-0.846362210876049
1653675485,-0.846362210876049
1653675485,-0.846362210876049
1653675485,-0.8471666565958083
1653675486,-0.8471666565958083
1653675486,-0.8471666565958083
1653675486,-0.8471666565958083
1653675486,-0.846362210876049
1653675487,-0.846362210876049
1653675487,-0.8471666565958083
1653675487,-0.8471666565958083
1653675487,-0.8471666565958083
1653675488,-0.8471666565958083
1653675488,-0.846362210876049
1653675488,-0.846362210876049
1653675488,-0.846362210876049
1653675488,-0.8471666565958083
1653675489,-0.8471666565958083
1653675489,-0.8471666565958083
1653675489,-0.846362210876049
1653675489,-0.8471666565958083
1653675490,-0.8471666565958083
1653675490,-0.8471666565958083
1653675490,-0.8471666565958083
1653675490,-0.8471666565958083
1653675491,-0.8471666565958083
1653675491,-0.8471666565958083
1653675491,-0.8471666565958083
1653675491,-0.8471666565958083
1653675492,-0.8471666565958083
1653675492,-0.8471666565958083
1653675492,-0.8471666565958083
1653675492,-0.8471666565958083
1653675492,-0.8471666565958083
1653675493,-0.8471666565958083
1653675493,-0.8471666565958083
1653675493,-0.8471666565958083
1653675493,-0.8471666565958083
1653675494,-0.8471666565958083
1653675494,-0.8471666565958083
1653675494,-0.8471666565958083
1653675494,-0.846362210876049
1653675495,-0.846362210876049
1653675495,-0.846362210876049
1653675495,-0.8471666565958083
1653675495,-0.8471666565958083
1653675496,-0.8471666565958083
1653675496,-0.846362210876049
1653675496,-0.8471666565958083
1653675496,-0.8471666565958083
1653675497,-0.8471666565958083
1653675497,-0.8471666565958083
1653675497,-0.8471666565958083
1653675497,-0.8471666565958083
1653675497,-0.8471666565958083
1653675498,-0.8471666565958083
1653675498,-0.8471666565958083
1653675498,-0.8471666565958083
1653675498,-0.846362210876049
1653675499,-0.846362210876049
1653675499,-0.846362210876049
1653675499,-0.846362210876049
1653675499,-0.8471666565958083
1653675500,-0.8471666565958083
1653675500,-0.846362210876049
1653675500,-0.8471666565958083
1653675500,-0.846362210876049
1653675501,-0.846362210876049
1653675501,-0.846362210876049
1653675501,-0.8471666565958083
1653675501,-0.8471666565958083
1653675502,-0.8471666565958083
1653675502,-0.8471666565958083
1653675502,-0.8200618396942215
1653675502,-0.8104084910571109
1653675503,-0.8104084910571109
1653675503,-0.46981618101965966
1653675503,-0.4448783637071242
1653675503,-0.4448783637071242
1653675504,-0.4456828094268835
1653675504,-0.4456828094268835
1653675504,-0.4456828094268835
1653675504,-0.4456828094268835
1653675504,-0.4456828094268835
1653675505,0.2129247745558934
1653675505,0.2129247745558934
1653675505,2.172680783018669
1653675505,2.1719824578420415
1653675506,2.171216212044223
1653675506,2.171216212044223
1653675506,2.1702301093560457
1653675506,2.171336183315718
1653675507,2.171336183315718
1653675507,2.171749964554284
1653675507,2.1720037647772625
1653675507,2.1720037647772625
1653675508,2.1720037647772625
1653675508,2.1731200938258244
1653675508,2.173978394333637
1653675508,2.173978394333637
1653675508,2.174032249121691
1653675509,2.1741506361771816
1653675509,2.1741506361771816
1653675509,2.1741506361771816
1653675509,2.1740861039097434
1653675510,2.1731739486138775
1653675510,2.1731739486138775
1653675510,2.174032249121691
1653675510,2.1729922916454596
1653675511,2.1729922916454596
1653675511,2.172798372981654
1653675511,2.17386042966864
1653675511,2.17386042966864
1653675512,2.17386042966864
1653675512,2.171768253020791
1653675512,2.171582367734602
1653675512,2.171582367734602
1653675513,2.1717579979319
1653675513,2.171768253020791
1653675513,2.171768253020791
1653675513,2.171768253020791
1653675513,2.1720037647772625
1653675514,2.172808210497022
1653675514,2.172808210497022
1653675514,2.1726363910439708
1653675514,2.172754355708969
1653675515,2.1718960552011564
1653675515,2.1718960552011564
1653675515,2.1720037647772625
1653675515,2.172582536255919
1653675516,2.172582536255919
1653675516,2.172582536255919
1653675516,2.1729732007371103
1653675516,2.172097029336314
1653675517,2.172097029336314
1653675517,2.172097029336314
1653675517,2.171778090536159
1653675517,2.172582536255919
1653675518,2.172582536255919
1653675518,2.172582536255919
1653675518,2.172754355708969
1653675518,2.172528681467865
1653675519,2.172528681467865
1653675519,2.1731446353218393
1653675519,-0.3683905873209189
1653675519,-0.3683905873209189
1653675520,-0.8125754906461621
1653675520,-0.8471666565958083
1653675520,-0.846362210876049
1653675520,-0.846362210876049
1653675520,-0.8471666565958083
1653675521,-0.846362210876049
1653675521,-0.846362210876049
1653675521,-0.8471666565958083
1653675521,-0.8471666565958083
1653675522,-0.8471666565958083
1653675522,-0.8471666565958083
1653675522,-0.8471666565958083
1653675522,-0.846362210876049
1653675523,-0.846362210876049
1653675523,-0.8471666565958083
1653675523,-0.8471666565958083
1653675523,-0.8471666565958083
1653675524,-0.8471666565958083
1653675524,-0.8471666565958083
1653675524,-0.8471666565958083
1653675524,-0.8471666565958083
1653675524,-0.846362210876049
1653675525,-0.8471666565958083
1653675525,-0.8471666565958083
1653675525,-0.8471666565958083
1653675525,-0.8471666565958083
1653675526,-0.8471666565958083
1653675526,-0.8471666565958083
1653675526,-0.8471666565958083
1653675526,-0.846362210876049
1653675527,-0.846362210876049
1653675527,-0.846362210876049
1653675527,-0.8471666565958083
1653675527,-0.8471666565958083
1653675528,-0.8471666565958083
1653675528,-0.8471666565958083
1653675528,-0.8471666565958083
1653675528,-0.8471666565958083
1653675528,-0.8471666565958083
1653675529,-0.8471666565958083
1653675529,-0.8471666565958083
1653675529,-0.8471666565958083
1653675529,-0.8471666565958083
1653675530,-0.8471666565958083
1653675530,-0.8471666565958083
1653675530,-0.8471666565958083
1653675530,-0.8471666565958083
1653675531,-0.8471666565958083
1653675531,-0.8471666565958083
1653675531,-0.8471666565958083
1653675531,-0.846362210876049
1653675532,-0.846362210876049
1653675532,-0.846362210876049
1653675532,-0.846362210876049
1653675532,-0.846362210876049
1653675533,-0.8471666565958083
1653675533,-0.8471666565958083
1653675533,-0.8471666565958083
1653675533,-0.8471666565958083
1653675533,-0.8471666565958083
1653675534,-0.8471666565958083
1653675534,-0.8471666565958083
1653675534,-0.846362210876049
1653675534,-0.8471666565958083
1653675535,-0.846362210876049
1653675535,-0.846362210876049
1653675535,-0.8471666565958083
1653675535,-0.846362210876049
1653675536,-0.846362210876049
1653675536,-0.846362210876049
1653675536,-0.8471666565958083
1653675536,-0.8471666565958083
1653675537,-0.8471666565958083
1653675537,-0.8471666565958083
1653675537,-0.8471666565958083
1653675537,-0.8471666565958083
1653675537,-0.8471666565958083
1653675538,-0.8471666565958083
1653675538,-0.8471666565958083
1653675538,-0.8471666565958083
1653675538,-0.846362210876049
1653675539,-0.8471666565958083
1653675539,-0.8471666565958083
1653675539,-0.8471666565958083
1653675539,-0.8471666565958083
1653675540,-0.8471666565958083
1653675540,-0.8471666565958083
1653675540,-0.846362210876049
1653675540,-0.846362210876049
1653675541,-0.846362210876049
1653675541,-0.8471666565958083
1653675541,-0.8471666565958083
1653675541,-0.8471666565958083
1653675542,-0.8471666565958083
1653675542,-0.8471666565958083
1653675542,-0.8471666565958083
1653675542,-0.8471666565958083
1653675542,-0.8471666565958083
1653675543,-0.8471666565958083
1653675543,-0.8471666565958083
1653675543,-0.8471666565958083
1653675543,-0.8471666565958083
1653675544,-0.846362210876049
1653675544,-0.846362210876049
1653675544,-0.8471666565958083
1653675544,-0.846362210876049
1653675545,-0.846362210876049
1653675545,-0.846362210876049
1653675545,-0.8471666565958083
1653675545,-0.8471666565958083
1653675546,-0.8471666565958083
1653675546,-0.8471666565958083
1653675546,-0.8471666565958083
1653675546,-0.8471666565958083
1653675546,-0.8471666565958083
1653675547,-0.8471666565958083
1653675547,-0.8471666565958083
1653675547,-0.8471666565958083
1653675547,-0.8471666565958083
1653675548,-0.8471666565958083
1653675548,-0.8471666565958083
1653675548,-0.8200618396942215
1653675548,-0.7621417478715585
1653675549,-0.7621417478715585
1653675549,-0.7621417478715585
1653675549,-0.4448783637071242
1653675549,-0.4448783637071242
1653675550,-0.4448783637071242
1653675550,-0.4456828094268835
1653675550,-0.4448783637071242
1653675550,-0.4448783637071242
1653675550,-0.4448783637071242
1653675551,0.5195188821663598
1653675551,2.1664730090698288
1653675551,2.1664730090698288
1653675551,2.165352869277019
1653675552,2.1674611183645034
1653675552,2.1674611183645034
1653675552,2.1674611183645034
1653675552,2.1677111135276363
1653675553,2.1677649683156894
1653675553,2.1677649683156894
1653675553,2.1685235926250113
1653675553,2.1687713660768706
1653675554,2.1687713660768706
1653675554,2.1687713660768706
1653675554,2.1690531168173015
1653675554,2.169637699962298
1653675555,2.169637699962298
1653675555,2.1687076737734494
1653675555,2.168879493226499
1653675555,2.168879493226499
1653675555,2.168879493226499
1653675556,2.168067014129124
1653675556,2.168067014129124
1653675556,2.168067014129124
1653675556,2.1696937764616258
1653675557,2.168067014129124
1653675557,2.168067014129124
1653675557,2.168067014129124
1653675557,2.168761528561502
1653675558,2.170452400770949
1653675558,2.170452400770949
1653675558,2.1690653785126885
1653675558,2.1691172266942456
1653675559,2.1691172266942456
1653675559,2.1691172266942456
1653675559,2.169344907541846
1653675559,2.170863960298242
1653675560,2.170863960298242
1653675560,2.1694090174187894
1653675560,2.169594902704979
1653675560,2.169594902704979
1653675560,2.1705271506051034
1653675561,2.1714037395794223
1653675561,2.1714037395794223
1653675561,2.1714037395794223
1653675561,2.1717614443186624
1653675562,2.1717614443186624
1653675562,2.1717614443186624
1653675562,2.1725098135390937
1653675562,2.1709369059946453
1653675563,2.1709369059946453
1653675563,2.170765086541594
1653675563,2.170765086541594
1653675563,2.170765086541594
1653675563,2.170765086541594
1653675564,2.1705253464673513
1653675564,2.172034144134857
1653675564,2.172034144134857
1653675564,2.169541047916926
1653675565,2.1701155910778103
1653675565,2.1701155910778103
1653675565,2.1701155910778103
1653675565,-0.6782330554463749
1653675566,-0.8471666565958083
1653675566,-0.8471666565958083
1653675566,-0.8471666565958083
1653675566,-0.846362210876049
1653675567,-0.8471666565958083
1653675567,-0.8471666565958083
1653675567,-0.8471666565958083
1653675567,-0.8471666565958083
1653675568,-0.8471666565958083
1653675568,-0.8471666565958083
1653675568,-0.8471666565958083
1653675568,-0.846362210876049
1653675569,-0.846362210876049
1653675569,-0.846362210876049
1653675569,-0.8471666565958083
1653675569,-0.8471666565958083
1653675570,-0.8471666565958083
1653675570,-0.8471666565958083
1653675570,-0.8471666565958083
1653675570,-0.8471666565958083
1653675570,-0.8471666565958083
1653675571,-0.8471666565958083
1653675571,-0.8471666565958083
1653675571,-0.8471666565958083
1653675571,-0.846362210876049
1653675572,-0.8471666565958083
1653675572,-0.8471666565958083
1653675572,-0.8471666565958083
1653675572,-0.8471666565958083
1653675573,-0.846362210876049
1653675573,-0.846362210876049
1653675573,-0.8471666565958083
1653675573,-0.8471666565958083
1653675574,-0.8471666565958083
1653675574,-0.8471666565958083
1653675574,-0.8471666565958083
1653675574,-0.8471666565958083
1653675575,-0.8471666565958083
1653675575,-0.8471666565958083
1653675575,-0.8471666565958083
1653675575,-0.8471666565958083
1653675575,-0.846362210876049
1653675576,-0.8471666565958083
1653675576,-0.8471666565958083
1653675576,-0.8471666565958083
1653675576,-0.8471666565958083
1653675577,-0.8471666565958083
1653675577,-0.8471666565958083
1653675577,-0.8471666565958083
1653675577,-0.8471666565958083
1653675578,-0.8471666565958083
1653675578,-0.8471666565958083
1653675578,-0.846362210876049
1653675578,-0.846362210876049
1653675578,-0.846362210876049
1653675579,-0.8471666565958083
1653675579,-0.8471666565958083
1653675579,-0.8471666565958083
1653675579,-0.8471666565958083
1653675580,-0.8471666565958083
1653675580,-0.8471666565958083
1653675580,-0.8471666565958083
1653675580,-0.8471666565958083
1653675581,-0.8471666565958083
1653675581,-0.8471666565958083
1653675581,-0.8471666565958083
1653675581,-0.8471666565958083
1653675582,-0.8471666565958083
1653675582,-0.8471666565958083
1653675582,-0.8471666565958083
1653675582,-0.8471666565958083
1653675583,-0.8471666565958083
1653675583,-0.8471666565958083
1653675583,-0.8471666565958083
1653675583,-0.8471666565958083
1653675584,-0.8471666565958083
1653675584,-0.8471666565958083
1653675584,-0.8471666565958083
1653675584,-0.846362210876049
1653675585,-0.846362210876049
1653675585,-0.8471666565958083
1653675585,-0.8471666565958083
1653675585,-0.8471666565958083
1653675586,-0.8471666565958083
1653675586,-0.8471666565958083
1653675586,-0.8471666565958083
1653675586,-0.8471666565958083
1653675587,-0.8471666565958083
1653675587,-0.8471666565958083
1653675587,-0.8471666565958083
1653675587,-0.8471666565958083
1653675588,-0.8471666565958083
1653675588,-0.8471666565958083
1653675588,-0.8471666565958083
1653675588,-0.8471666565958083
1653675589,-0.8471666565958083
1653675589,-0.8471666565958083
1653675589,-0.8471666565958083
1653675589,-0.8471666565958083
1653675590,-0.8471666565958083
1653675590,-0.8471666565958083
1653675590,-0.8471666565958083
1653675590,-0.8471666565958083
1653675590,-0.8471666565958083
1653675591,-0.8471666565958083
1653675591,-0.8471666565958083
1653675591,-0.8471666565958083
1653675591,-0.8471666565958083
1653675592,-0.8471666565958083
1653675592,-0.8471666565958083
1653675592,-0.8471666565958083
1653675592,-0.8471666565958083
1653675593,-0.8471666565958083
1653675593,-0.8471666565958083
1653675593,-0.8471666565958083
1653675593,-0.8200618396942215
1653675594,-0.6451853479271665
1653675594,-0.6451853479271665
1653675594,-0.4456828094268835
1653675594,-0.4456828094268835
1653675594,-0.4456828094268835
1653675595,-0.4456828094268835
1653675595,-0.4456828094268835
1653675595,-0.4448783637071242
1653675595,-0.4448783637071242
1653675596,-0.1136069399492669
1653675596,2.168338424009012
1653675596,2.168338424009012
1653675596,2.168338424009012
1653675597,2.170318865231728
1653675597,2.170910283274091
1653675597,2.170910283274091
1653675597,2.1717886763861616
1653675598,2.171906641051159
1653675598,2.171906641051159
1653675598,2.171906641051159
1653675598,2.1718527862631047
1653675599,2.1709205383629815
1653675599,2.1709205383629815
1653675599,2.171495081523866
1653675599,2.1706826024264907
1653675599,2.1706826024264907
1653675600,2.1706826024264907
1653675600,2.1693823946982365
1653675600,2.1693823946982365
1653675600,2.1693823946982365
1653675601,2.168809270806783
1653675601,2.1687451609298396
1653675601,2.1687451609298396
1653675601,2.169849228283014
1653675602,2.1691567204571323
1653675602,2.1691567204571323
1653675602,2.1691567204571323
1653675602,2.1692666517445134
1653675603,2.169102865669079
1653675603,2.169102865669079
1653675603,2.169102865669079
1653675603,2.170337159382638
1653675604,2.1713232620708154
1653675604,2.1713232620708154
1653675604,2.1713232620708154
1653675604,2.1706826024264907
1653675605,2.1705748928503836
1653675605,2.1705748928503836
1653675605,2.1705748928503836
1653675605,2.1713232620708154
1653675606,2.172605177423032
1653675606,2.172605177423032
1653675606,2.17392283542865
1653675606,2.1775517263055044
1653675606,2.1775517263055044
1653675607,2.1775517263055044
1653675607,2.179477900851047
1653675607,2.1786115669656185
1653675608,2.178775353041053
1653675608,2.178253862226379
1653675608,2.1783637935137596
1653675608,2.1783637935137596
1653675609,2.1783195650458276
1653675609,2.178069781077941
1653675609,2.178069781077941
1653675609,2.178069781077941
1653675610,2.176608008985527
1653675610,0.9273909570651848
1653675610,0.9273909570651848
1653675610,0.9273909570651848
1653675611,-0.8471666565958083
1653675611,-0.8471666565958083
1653675611,-0.8471666565958083
1653675611,-0.8471666565958083
1653675612,-0.8471666565958083
1653675612,-0.8471666565958083
1653675612,-0.8471666565958083
1653675612,-0.846362210876049
1653675613,-0.8471666565958083
1653675613,-0.8471666565958083
1653675613,-0.8471666565958083
1653675613,-0.8471666565958083
1653675613,-0.8471666565958083
1653675614,-0.8471666565958083
1653675614,-0.8471666565958083
1653675614,-0.8471666565958083
1653675614,-0.8471666565958083
1653675615,-0.8471666565958083
1653675615,-0.8471666565958083
1653675615,-0.8471666565958083
1653675615,-0.8471666565958083
1653675616,-0.8471666565958083
1653675616,-0.8471666565958083
1653675616,-0.8471666565958083
1653675616,-0.8471666565958083
1653675617,-0.8471666565958083
1653675617,-0.8471666565958083
1653675617,-0.8471666565958083
1653675617,-0.8471666565958083
1653675618,-0.846362210876049
1653675618,-0.846362210876049
1653675618,-0.846362210876049
1653675618,-0.846362210876049
1653675619,-0.8471666565958083
1653675619,-0.8471666565958083
1653675619,-0.8471666565958083
1653675619,-0.8471666565958083
1653675619,-0.8471666565958083
1653675620,-0.846362210876049
1653675620,-0.8471666565958083
1653675620,-0.8471666565958083
1653675620,-0.8471666565958083
1653675621,-0.8471666565958083
1653675621,-0.8471666565958083
1653675621,-0.8471666565958083
1653675621,-0.8471666565958083
1653675622,-0.8471666565958083
1653675622,-0.8471666565958083
1653675622,-0.8471666565958083
1653675622,-0.8471666565958083
1653675622,-0.8471666565958083
1653675623,-0.8471666565958083
1653675623,-0.8471666565958083
1653675623,-0.8471666565958083
1653675623,-0.8471666565958083
1653675624,-0.8471666565958083
1653675624,-0.8471666565958083
1653675624,-0.846362210876049
1653675624,-0.846362210876049
1653675625,-0.846362210876049
1653675625,-0.8471666565958083
1653675625,-0.846362210876049
1653675625,-0.846362210876049
1653675626,-0.8471666565958083
1653675626,-0.846362210876049
1653675626,-0.846362210876049
1653675626,-0.8471666565958083
1653675627,-0.8471666565958083
1653675627,-0.8471666565958083
1653675627,-0.8471666565958083
1653675627,-0.846362210876049
1653675627,-0.846362210876049
1653675628,-0.846362210876049
1653675628,-0.8471666565958083
1653675628,-0.8471666565958083
1653675628,-0.8471666565958083
1653675629,-0.8471666565958083
1653675629,-0.8471666565958083
1653675629,-0.8471666565958083
1653675629,-0.8471666565958083
1653675630,-0.8471666565958083
1653675630,-0.8471666565958083
1653675630,-0.8471666565958083
1653675630,-0.8471666565958083
1653675631,-0.8471666565958083
1653675631,-0.8471666565958083
1653675631,-0.8471666565958083
1653675631,-0.8471666565958083
1653675632,-0.846362210876049
1653675632,-0.846362210876049
1653675632,-0.8471666565958083
1653675632,-0.8471666565958083
1653675632,-0.8471666565958083
1653675633,-0.8471666565958083
1653675633,-0.8471666565958083
1653675633,-0.8471666565958083
1653675633,-0.8471666565958083
1653675634,-0.8471666565958083
1653675634,-0.8471666565958083
1653675634,-0.8471666565958083
1653675634,-0.8471666565958083
1653675635,-0.846362210876049
1653675635,-0.8471666565958083
1653675635,-0.8471666565958083
1653675635,-0.8471666565958083
1653675636,-0.8471666565958083
1653675636,-0.8471666565958083
1653675636,-0.8471666565958083
1653675636,-0.8471666565958083
1653675637,-0.846362210876049
1653675637,-0.846362210876049
1653675637,-0.8471666565958083
1653675637,-0.8471666565958083
1653675637,-0.8471666565958083
1653675638,-0.8471666565958083
1653675638,-0.8471666565958083
1653675638,-0.8471666565958083
1653675638,-0.8471666565958083
1653675639,-0.846362210876049
1653675639,-0.8200618396942215
1653675639,-0.8184529482547032
1653675639,-0.8184529482547032
1653675640,-0.49073176973339916
1653675640,-0.4448783637071242
1653675640,-0.4448783637071242
1653675640,-0.4448783637071242
1653675641,-0.4456828094268835
1653675641,-0.4456828094268835
1653675641,-0.4456828094268835
1653675641,-0.4456828094268835
1653675642,0.5195188821663598
1653675642,0.5195188821663598
1653675642,0.5195188821663598
1653675642,2.1652074613492753
1653675643,2.1725741726944565
1653675643,2.1725741726944565
1653675643,2.172456208029459
1653675643,2.17158987414403
1653675643,2.17158987414403
1653675644,2.17158987414403
1653675644,2.1710603499517394
1653675644,2.1710603499517394
1653675644,2.1710603499517394
1653675645,2.1709962400747953
1653675645,2.1700081307801216
1653675645,2.1700081307801216
1653675645,2.1700081307801216
1653675646,2.1686002134757607
1653675646,2.1686540682638134
1653675646,2.1686540682638134
1653675646,2.168536103598817
1653675647,2.168645612495703
1653675647,2.168645612495703
1653675647,2.168645612495703
1653675647,2.169944020903178
1653675648,2.1701180620675022
1653675648,2.1701180620675022
1653675648,2.1701180620675022
1653675648,2.1702918881270494
1653675648,2.1702918881270494
1653675649,2.1702918881270494
1653675649,2.171234176011287
1653675649,2.171180321223233
1653675649,2.171180321223233
1653675650,2.1705957380782364
1653675650,2.1710603499517394
1653675650,2.1710603499517394
1653675650,2.171178314616736
1653675651,2.1701819568396687
1653675651,2.1701819568396687
1653675651,2.1701819568396687
1653675651,2.1709962400747953
1653675652,2.170010137386618
1653675652,2.170010137386618
1653675652,2.170010137386618
1653675652,2.1711142047397924
1653675652,2.1711142047397924
1653675653,2.1711142047397924
1653675653,2.1714082171756117
1653675653,2.1717837928078345
1653675653,2.1717837928078345
1653675654,2.1717739552924673
1653675654,2.1732907863375885
1653675654,2.1732907863375885
1653675654,2.1729441391290822
1653675655,2.1731079252045165
1653675655,2.173876387029206
1653675655,2.173876387029206
1653675655,2.17393024181726
1653675656,2.1729441391290822
1653675656,2.1729441391290822
1653675656,2.1729441391290822
1653675656,0.15771737626924479
1653675656,-0.8471666565958083
1653675657,-0.8471666565958083
1653675657,-0.8471666565958083
1653675657,-0.8471666565958083
1653675657,-0.8471666565958083
1653675658,-0.8471666565958083
1653675658,-0.8471666565958083
1653675658,-0.8471666565958083
1653675658,-0.8471666565958083
1653675659,-0.8471666565958083
1653675659,-0.8471666565958083
1653675659,-0.8471666565958083
1653675659,-0.8471666565958083
1653675660,-0.8471666565958083
1653675660,-0.8471666565958083
1653675660,-0.8471666565958083
1653675660,-0.8471666565958083
1653675661,-0.8471666565958083
1653675661,-0.8471666565958083
1653675661,-0.8471666565958083
1653675661,-0.8471666565958083
1653675661,-0.8471666565958083
1653675662,-0.8471666565958083
1653675662,-0.8471666565958083
1653675662,-0.8471666565958083
1653675662,-0.8471666565958083
1653675663,-0.8471666565958083
1653675663,-0.8471666565958083
1653675663,-0.8471666565958083
1653675663,-0.8471666565958083
1653675664,-0.8471666565958083
1653675664,-0.8471666565958083
1653675664,-0.8471666565958083
1653675664,-0.8471666565958083
1653675665,-0.8471666565958083
1653675665,-0.8471666565958083
1653675665,-0.8471666565958083
1653675665,-0.8471666565958083
1653675666,-0.8471666565958083
1653675666,-0.8471666565958083
1653675666,-0.8471666565958083
1653675666,-0.8471666565958083
1653675667,-0.8471666565958083
1653675667,-0.8471666565958083
1653675667,-0.8471666565958083
1653675667,-0.8471666565958083
1653675668,-0.8471666565958083
1653675668,-0.8471666565958083
1653675668,-0.8471666565958083
1653675668,-0.8471666565958083
1653675669,-0.8471666565958083
1653675669,-0.8471666565958083
1653675669,-0.8471666565958083
1653675669,-0.8471666565958083
1653675670,-0.8471666565958083
1653675670,-0.8471666565958083
1653675670,-0.8471666565958083
1653675670,-0.8471666565958083
1653675670,-0.8471666565958083
1653675671,-0.8471666565958083
1653675671,-0.8471666565958083
1653675671,-0.8471666565958083
1653675671,-0.8471666565958083
1653675672,-0.8471666565958083
1653675672,-0.8471666565958083
1653675672,-0.8471666565958083
1653675672,-0.8471666565958083
1653675673,-0.8471666565958083
1653675673,-0.8471666565958083
1653675673,-0.8471666565958083
1653675673,-0.8471666565958083
1653675674,-0.8471666565958083
1653675674,-0.8471666565958083
1653675674,-0.8471666565958083
1653675674,-0.8471666565958083
1653675675,-0.8471666565958083
1653675675,-0.8471666565958083
1653675675,-0.8471666565958083
1653675675,-0.8471666565958083
1653675676,-0.8471666565958083
1653675676,-0.8471666565958083
1653675676,-0.8471666565958083
1653675676,-0.8471666565958083
1653675676,-0.8471666565958083
1653675677,-0.8471666565958083
1653675677,-0.8471666565958083
1653675677,-0.846362210876049
1653675677,-0.846362210876049
1653675678,-0.846362210876049
1653675678,-0.8471666565958083
1653675678,-0.8471666565958083
1653675678,-0.8471666565958083
1653675679,-0.8471666565958083
1653675679,-0.8471666565958083
1653675679,-0.8471666565958083
1653675679,-0.8471666565958083
1653675680,-0.8471666565958083
1653675680,-0.8471666565958083
1653675680,-0.8471666565958083
1653675680,-0.8471666565958083
1653675681,-0.8471666565958083
1653675681,-0.8471666565958083
1653675681,-0.8471666565958083
1653675681,-0.8471666565958083
1653675682,-0.8471666565958083
1653675682,-0.8471666565958083
1653675682,-0.8471666565958083
1653675682,-0.8471666565958083
1653675682,-0.8471666565958083
1653675683,-0.8471666565958083
1653675683,-0.8471666565958083
1653675683,-0.8471666565958083
1653675683,-0.8471666565958083
1653675684,-0.8471666565958083
1653675684,-0.846362210876049
1653675684,-0.8200618396942215
1653675684,-0.8200618396942215
1653675685,-0.8200618396942215
1653675685,-0.4456828094268835
1653675685,-0.4456828094268835
1653675685,-0.4456828094268835
1653675686,-0.4456828094268835
1653675686,-0.4456828094268835
1653675686,-0.4448783637071242
1653675686,-0.4448783637071242
1653675687,-0.4456828094268835
1653675687,1.836689650722856
1653675687,1.836689650722856
1653675687,1.836689650722856
1653675688,1.836689650722856
1653675688,2.1773934296884763
1653675688,2.1773934296884763
1653675688,2.1773934296884763
1653675689,2.1773934296884763
1653675689,2.17849749704165
1653675689,2.1782597635739043
1653675689,2.1782597635739043
1653675690,2.1790103545056105
1653675690,2.1783337109662155
1653675690,2.1783337109662155
1653675690,2.1783337109662155
1653675690,2.1779760062269764
1653675691,2.177904280545939
1653675691,2.177904280545939
1653675691,2.1779118963500332
1653675691,2.176871938873802
1653675692,2.176871938873802
1653675692,2.176871938873802
1653675692,2.1769818701611827
1653675692,2.17796797284936
1653675693,2.17796797284936
1653675693,2.178032082726304
1653675693,2.1789663372329255
1653675693,2.17745753956542
1653675694,2.17745753956542
1653675694,2.17745753956542
1653675694,2.17745753956542
1653675694,2.17745753956542
1653675695,2.1771536896142334
1653675695,2.1769818701611827
1653675695,2.1769818701611827
1653675695,2.1769818701611827
1653675695,2.1784368130406344
1653675696,2.1759296509895645
1653675696,2.1759296509895645
1653675696,2.1758757962015114
1653675696,2.175703976748461
1653675697,2.175703976748461
1653675697,2.175703976748461
1653675697,2.176797789012745
1653675697,2.176690079436639
1653675698,2.176690079436639
1653675698,2.17743844865707
1653675698,2.1757578315365143
1653675698,2.1757578315365143
1653675699,2.1757578315365143
1653675699,2.1758757962015114
1653675699,2.17657031063389
1653675699,2.17657031063389
1653675700,2.177742298608256
1653675700,2.177668351215945
1653675700,2.177668351215945
1653675700,2.177732461092889
1653675700,2.17657031063389
1653675701,2.17657031063389
1653675701,2.17657031063389
1653675701,-0.38045727311730687
1653675701,-0.8302732964808649
1653675702,-0.8302732964808649
1653675702,-0.8471666565958083
1653675702,-0.8471666565958083
1653675702,-0.8471666565958083
1653675703,-0.8471666565958083
1653675703,-0.8471666565958083
1653675703,-0.8471666565958083
1653675703,-0.8471666565958083
1653675704,-0.8471666565958083
1653675704,-0.8471666565958083
1653675704,-0.8471666565958083
1653675704,-0.8471666565958083
1653675705,-0.846362210876049
1653675705,-0.8471666565958083
1653675705,-0.8471666565958083
1653675705,-0.8471666565958083
1653675706,-0.8471666565958083
1653675706,-0.8471666565958083
1653675706,-0.8471666565958083
1653675706,-0.8471666565958083
1653675706,-0.8471666565958083
1653675707,-0.8471666565958083
1653675707,-0.8471666565958083
1653675707,-0.8471666565958083
1653675708,-0.8471666565958083
1653675708,-0.846362210876049
1653675708,-0.846362210876049
1653675708,-0.8471666565958083
1653675708,-0.8471666565958083
1653675709,-0.8471666565958083
1653675709,-0.8471666565958083
1653675709,-0.846362210876049
1653675709,-0.846362210876049
1653675710,-0.846362210876049
1653675710,-0.8471666565958083
1653675710,-0.8471666565958083
1653675710,-0.8471666565958083
1653675711,-0.8471666565958083
1653675711,-0.8471666565958083
1653675711,-0.8471666565958083
1653675711,-0.8471666565958083
1653675712,-0.8471666565958083
1653675712,-0.8471666565958083
1653675712,-0.8471666565958083
1653675712,-0.8471666565958083
1653675713,-0.8471666565958083
1653675713,-0.8471666565958083
1653675713,-0.8471666565958083
1653675713,-0.8471666565958083
1653675713,-0.8471666565958083
1653675714,-0.846362210876049
1653675714,-0.846362210876049
1653675714,-0.8471666565958083
1653675714,-0.8471666565958083
1653675715,-0.8471666565958083
1653675715,-0.8471666565958083
1653675715,-0.846362210876049
1653675715,-0.8471666565958083
1653675716,-0.8471666565958083
1653675716,-0.8471666565958083
1653675716,-0.8471666565958083
1653675716,-0.8471666565958083
1653675717,-0.8471666565958083
1653675717,-0.8471666565958083
1653675717,-0.846362210876049
1653675717,-0.846362210876049
1653675718,-0.846362210876049
1653675718,-0.846362210876049
1653675718,-0.846362210876049
1653675718,-0.846362210876049
1653675719,-0.8471666565958083
1653675719,-0.8471666565958083
1653675719,-0.8471666565958083
1653675719,-0.8471666565958083
1653675719,-0.8471666565958083
1653675720,-0.8471666565958083
1653675720,-0.8471666565958083
1653675720,-0.846362210876049
1653675720,-0.846362210876049
1653675721,-0.846362210876049
1653675721,-0.846362210876049
1653675721,-0.8471666565958083
1653675721,-0.8471666565958083
1653675722,-0.8471666565958083
1653675722,-0.8471666565958083
1653675722,-0.8471666565958083
1653675722,-0.8471666565958083
1653675723,-0.8471666565958083
1653675723,-0.8471666565958083
1653675723,-0.8471666565958083
1653675723,-0.8471666565958083
1653675724,-0.8471666565958083
1653675724,-0.8471666565958083
1653675724,-0.8471666565958083
1653675724,-0.8471666565958083
1653675724,-0.8471666565958083
1653675725,-0.8471666565958083
1653675725,-0.8471666565958083
1653675725,-0.8471666565958083
1653675725,-0.8471666565958083
1653675726,-0.8471666565958083
1653675726,-0.8471666565958083
1653675726,-0.846362210876049
1653675726,-0.846362210876049
1653675727,-0.846362210876049
1653675727,-0.846362210876049
1653675727,-0.8471666565958083
1653675727,-0.8471666565958083
1653675728,-0.8471666565958083
1653675728,-0.8471666565958083
1653675728,-0.8471666565958083
1653675728,-0.8471666565958083
1653675729,-0.8471666565958083
1653675729,-0.8471666565958083
1653675729,-0.8471666565958083
1653675729,-0.8471666565958083
1653675730,-0.8471666565958083
1653675730,-0.8471666565958083
1653675730,-0.8471666565958083
1653675730,-0.8471666565958083
1653675730,-0.8200618396942215
1653675731,-0.4448783637071242
1653675731,-0.4448783637071242
1653675731,-0.4448783637071242
1653675731,-0.4456828094268835
1653675732,-0.4456828094268835
1653675732,-0.4456828094268835
1653675732,-0.4464872551466427
1653675732,-0.4456828094268835
1653675733,-0.4456828094268835
1653675733,-0.4456828094268835
1653675733,2.1693909309962613
1653675733,2.169433728253581
1653675734,2.169433728253581
1653675734,2.1725919804858123
1653675734,2.172905667952366
1653675734,2.172905667952366
1653675735,2.1730774874054166
1653675735,2.173825856625849
1653675735,2.173825856625849
1653675735,2.173825856625849
1653675735,2.173836111714739
1653675736,2.1732493068584673
1653675736,2.1732493068584673
1653675736,2.173013795101996
1653675736,2.1737002761567576
1653675737,2.1737002761567576
1653675737,2.1737002761567576
1653675737,2.1728958304369983
1653675737,2.1728419756489448
1653675738,2.1728419756489448
1653675738,2.173528456703707
1653675738,2.173528456703707
1653675738,2.173170751964468
1653675739,2.173170751964468
1653675739,2.1731168971764143
1653675739,2.1732348618414115
1653675739,2.1732348618414115
1653675740,2.1732348618414115
1653675740,2.1735286678989545
1653675740,2.173528456703707
1653675740,2.173528456703707
1653675741,2.173646421368705
1653675741,2.173894194820563
1653675741,2.173894194820563
1653675741,2.173894194820563
1653675741,2.174615631070162
1653675742,2.174615631070162
1653675742,2.174615631070162
1653675742,2.174615631070162
1653675742,2.1741301241505573
1653675743,2.1740664366641083
1653675743,2.1740664366641083
1653675743,2.1740664366641083
1653675743,2.1741220907729417
1653675744,2.1744438116171123
1653675744,2.1744438116171123
1653675744,2.1751383260494905
1653675744,2.1743698642248
1653675745,2.1743698642248
1653675745,2.1743698642248
1653675745,2.1751743099445595
1653675745,2.1736753497924224
1653675746,2.1736753497924224
1653675746,2.1753101455025408
1653675746,2.1753742553794844
1653675746,2.1753742553794844
1653675747,2.1753742553794844
1653675747,2.1757858149067775
1653675747,0.9601481079306636
1653675747,0.9601481079306636
1653675748,0.9601481079306636
1653675748,-0.8471666565958083
1653675748,-0.8471666565958083
1653675748,-0.8471666565958083
1653675749,-0.8471666565958083
1653675749,-0.846362210876049
1653675749,-0.846362210876049
1653675749,-0.846362210876049
1653675750,-0.846362210876049
1653675750,-0.8471666565958083
1653675750,-0.8471666565958083
1653675750,-0.8471666565958083
1653675751,-0.8471666565958083
1653675751,-0.8471666565958083
1653675751,-0.8471666565958083
1653675751,-0.8471666565958083
1653675752,-0.8471666565958083
1653675752,-0.8471666565958083
1653675752,-0.8471666565958083
1653675752,-0.8471666565958083
1653675753,-0.8471666565958083
1653675753,-0.8471666565958083
1653675753,-0.8471666565958083
1653675753,-0.8471666565958083
1653675753,-0.8471666565958083
1653675754,-0.8471666565958083
1653675754,-0.8471666565958083
1653675754,-0.8471666565958083
1653675754,-0.8471666565958083
1653675755,-0.8471666565958083
1653675755,-0.8471666565958083
1653675755,-0.8471666565958083
1653675755,-0.8471666565958083
1653675756,-0.8471666565958083
1653675756,-0.8471666565958083
1653675756,-0.8471666565958083
1653675756,-0.846362210876049
1653675757,-0.846362210876049
1653675757,-0.8471666565958083
1653675757,-0.8471666565958083
1653675757,-0.8471666565958083
1653675758,-0.8471666565958083
1653675758,-0.8471666565958083
1653675758,-0.8471666565958083
1653675758,-0.8471666565958083
1653675758,-0.8471666565958083
1653675759,-0.8471666565958083
1653675759,-0.8471666565958083
1653675759,-0.8471666565958083
1653675759,-0.8471666565958083
1653675760,-0.8471666565958083
1653675760,-0.8471666565958083
1653675760,-0.8471666565958083
1653675760,-0.8471666565958083
1653675761,-0.8471666565958083
1653675761,-0.8471666565958083
1653675761,-0.846362210876049
1653675761,-0.8471666565958083
1653675762,-0.8471666565958083
1653675762,-0.846362210876049
1653675762,-0.8471666565958083
1653675762,-0.8471666565958083
1653675763,-0.8471666565958083
1653675763,-0.8471666565958083
1653675763,-0.8471666565958083
1653675763,-0.8471666565958083
1653675764,-0.8471666565958083
1653675764,-0.8471666565958083
1653675764,-0.8471666565958083
1653675764,-0.8471666565958083
1653675764,-0.8471666565958083
1653675765,-0.8471666565958083
1653675765,-0.8471666565958083
1653675765,-0.8471666565958083
1653675765,-0.8471666565958083
1653675766,-0.8471666565958083
1653675766,-0.8471666565958083
1653675766,-0.8471666565958083
1653675766,-0.8471666565958083
1653675767,-0.8471666565958083
1653675767,-0.8471666565958083
1653675767,-0.846362210876049
1653675767,-0.846362210876049
1653675768,-0.846362210876049
1653675768,-0.8471666565958083
1653675768,-0.846362210876049
1653675768,-0.846362210876049
1653675769,-0.846362210876049
1653675769,-0.8471666565958083
1653675769,-0.8471666565958083
1653675769,-0.8471666565958083
1653675769,-0.8471666565958083
1653675770,-0.8471666565958083
1653675770,-0.8471666565958083
1653675770,-0.8471666565958083
1653675770,-0.8471666565958083
1653675771,-0.846362210876049
1653675771,-0.846362210876049
1653675771,-0.846362210876049
1653675771,-0.846362210876049
1653675772,-0.846362210876049
1653675772,-0.8471666565958083
1653675772,-0.8471666565958083
1653675772,-0.8471666565958083
1653675773,-0.8471666565958083
1653675773,-0.8471666565958083
1653675773,-0.8471666565958083
1653675773,-0.8471666565958083
1653675773,-0.8471666565958083
1653675774,-0.8471666565958083
1653675774,-0.8471666565958083
1653675774,-0.8471666565958083
1653675774,-0.8471666565958083
1653675775,-0.8471666565958083
1653675775,-0.8471666565958083
1653675775,-0.8471666565958083
1653675775,-0.8471666565958083
1653675776,-0.8471666565958083
1653675776,-0.8471666565958083
1653675776,-0.8471666565958083
1653675776,-0.8471666565958083
1653675777,-0.8471666565958083
1653675777,-0.846362210876049
1653675777,-0.8471666565958083
1653675777,-0.8471666565958083
1653675778,-0.8471666565958083
1653675778,-0.8471666565958083
1653675778,-0.8471666565958083
1653675778,-0.8471666565958083
1653675778,-0.8471666565958083
1653675779,-0.846362210876049
1653675779,-0.846362210876049
1653675779,-0.846362210876049
1653675779,-0.8471666565958083
1653675780,-0.8471666565958083
1653675780,-0.8471666565958083
1653675780,-0.8471666565958083
1653675780,-0.8471666565958083
1653675781,-0.8471666565958083
1653675781,-0.8471666565958083
1653675781,-0.846362210876049
1653675781,-0.8471666565958083
1653675782,-0.8471666565958083
1653675782,-0.846362210876049
1653675782,-0.8471666565958083
1653675782,-0.8471666565958083
1653675783,-0.8471666565958083
1653675783,-0.8471666565958083
1653675783,-0.8471666565958083
1653675783,-0.8471666565958083
1653675783,-0.8471666565958083
1653675784,-0.846362210876049
1653675784,-0.8471666565958083
1653675784,-0.8471666565958083
1653675785,-0.8471666565958083
1653675785,-0.8471666565958083
1653675785,-0.8471666565958083
1653675785,-0.8471666565958083
1653675786,-0.8471666565958083
1653675786,-0.8471666565958083
1653675786,-0.8471666565958083
1653675786,-0.8471666565958083
1653675786,-0.8471666565958083
1653675787,-0.8471666565958083
1653675787,-0.8471666565958083
1653675787,-0.8471666565958083
1653675787,-0.8471666565958083
1653675788,-0.8471666565958083
1653675788,-0.8471666565958083
1653675788,-0.8471666565958083
1653675788,-0.8471666565958083
1653675789,-0.8471666565958083
1653675789,-0.8471666565958083
1653675789,-0.8471666565958083
1653675789,-0.8471666565958083
1653675790,-0.8471666565958083
1653675790,-0.8471666565958083
1653675790,-0.846362210876049
1653675790,-0.8471666565958083
1653675791,-0.8471666565958083
1653675791,-0.8471666565958083
1653675791,-0.8471666565958083
1653675791,-0.8471666565958083
1653675792,-0.8471666565958083
1653675792,-0.8471666565958083
1653675792,-0.8471666565958083
1653675792,-0.8471666565958083
1653675792,-0.8471666565958083
1653675793,-0.8471666565958083
1653675793,-0.8471666565958083
1653675793,-0.8471666565958083
1653675793,-0.8471666565958083
1653675794,-0.846362210876049
1653675794,-0.846362210876049
1653675794,-0.846362210876049
1653675794,-0.846362210876049
1653675795,-0.8471666565958083
1653675795,-0.8471666565958083
1653675795,-0.8471666565958083
1653675795,-0.846362210876049
1653675796,-0.846362210876049
1653675796,-0.846362210876049
1653675796,-0.8471666565958083
1653675796,-0.8471666565958083
1653675797,-0.8471666565958083
1653675797,-0.8471666565958083
1653675797,-0.8471666565958083
1653675797,-0.8471666565958083
1653675797,-0.8471666565958083
1653675798,-0.8471666565958083
1653675798,-0.846362210876049
1653675798,-0.846362210876049
1653675798,-0.8471666565958083
1653675799,-0.846362210876049
1653675799,-0.846362210876049
1653675799,-0.846362210876049
1653675799,-0.8471666565958083
1653675800,-0.8471666565958083
1653675800,-0.8471666565958083
1653675800,-0.8471666565958083
1653675800,-0.8471666565958083
1653675801,-0.8471666565958083
1653675801,-0.8471666565958083
1653675801,-0.8471666565958083
1653675801,-0.8471666565958083
1653675802,-0.8471666565958083
1653675802,-0.8471666565958083
1653675802,-0.8471666565958083
1653675802,-0.8471666565958083
1653675803,-0.8471666565958083
1653675803,-0.8471666565958083
1653675803,-0.8471666565958083
1653675803,-0.846362210876049
1653675804,-0.846362210876049
1653675804,-0.846362210876049
1653675804,-0.8471666565958083
1653675804,-0.8471666565958083
1653675804,-0.8471666565958083
1653675805,-0.8471666565958083
1653675805,-0.8471666565958083
1653675805,-0.8471666565958083
1653675805,-0.8471666565958083
1653675806,-0.8471666565958083
1653675806,-0.8471666565958083
1653675806,-0.8471666565958083
1653675806,-0.8471666565958083
1653675807,-0.8471666565958083
1653675807,-0.8471666565958083
1653675807,-0.8471666565958083
1653675807,-0.8471666565958083
1653675808,-0.8471666565958083
1653675808,-0.8471666565958083
1653675808,-0.8471666565958083
