,principal_component1
1653675286,-0.8463622108760493
1653675286,-0.8463622108760532
1653675286,-0.8463622108760532
1653675286,-0.8463622108760532
1653675286,-0.8471666565958126
1653675287,-0.8471666565958126
1653675287,-0.8471666565958126
1653675287,-0.8471666565958126
1653675287,-0.8471666565958126
1653675288,-0.8471666565958126
1653675288,-0.8471666565958103
1653675288,-0.8471666565958126
1653675288,-0.8471666565958126
1653675289,-0.8471666565958126
1653675289,-0.8471666565958126
1653675289,-0.8471666565958126
1653675289,-0.8471666565958126
1653675290,-0.8471666565958126
1653675290,-0.8471666565958126
1653675290,-0.8471666565958126
1653675290,-0.8471666565958126
1653675291,-0.8471666565958126
1653675291,-0.8471666565958126
1653675291,-0.8471666565958126
1653675291,-0.8463622108760532
1653675291,-0.8471666565958126
1653675292,-0.8471666565958126
1653675292,-0.8471666565958126
1653675292,-0.8471666565958126
1653675292,-0.8471666565958126
1653675293,-0.8471666565958126
1653675293,-0.8463622108760532
1653675293,-0.8471666565958126
1653675293,-0.8471666565958126
1653675294,-0.8471666565958126
1653675294,-0.8471666565958126
1653675294,-0.8471666565958126
1653675294,-0.8471666565958126
1653675295,-0.8463622108760532
1653675295,-0.8463622108760532
1653675295,-0.8463622108760532
1653675295,-0.8471666565958126
1653675295,-0.8471666565958126
1653675296,-0.8471666565958126
1653675296,-0.8471666565958126
1653675296,-0.8471666565958126
1653675296,-0.8471666565958126
1653675297,-0.8471666565958126
1653675297,-0.8463622108760532
1653675297,-0.8463622108760532
1653675297,-0.8463622108760532
1653675298,-0.8463622108760532
1653675298,-0.8471666565958126
1653675298,-0.8471666565958126
1653675298,-0.8471666565958126
1653675298,-0.8471666565958126
1653675299,-0.8471666565958126
1653675299,-0.8471666565958126
1653675299,-0.8471666565958126
1653675299,-0.8471666565958126
1653675300,-0.8471666565958126
1653675300,-0.8471666565958126
1653675300,-0.8471666565958126
1653675300,-0.8471666565958126
1653675301,-0.8471666565958126
1653675301,-0.8471666565958126
1653675301,-0.8471666565958126
1653675301,-0.8471666565958126
1653675302,-0.8471666565958126
1653675302,-0.8471666565958126
1653675302,-0.8471666565958126
1653675302,-0.8471666565958126
1653675303,-0.8471666565958126
1653675303,-0.8471666565958126
1653675303,-0.8471666565958126
1653675303,-0.8471666565958126
1653675304,-0.8463622108760532
1653675304,-0.8471666565958126
1653675304,-0.8471666565958126
1653675304,-0.8471666565958126
1653675304,-0.8471666565958126
1653675305,-0.8471666565958126
1653675305,-0.8471666565958126
1653675305,-0.8471666565958126
1653675305,-0.8463622108760532
1653675306,-0.8463622108760532
1653675306,-0.8471666565958126
1653675306,-0.8471666565958126
1653675306,-0.8471666565958126
1653675307,-0.8471666565958126
1653675307,-0.8471666565958126
1653675307,-0.8471666565958126
1653675307,-0.8471666565958126
1653675308,-0.8471666565958126
1653675308,-0.8463622108760532
1653675308,-0.8463622108760532
1653675308,-0.8463622108760532
1653675309,-0.8471666565958126
1653675309,-0.8471666565958126
1653675309,-0.8471666565958126
1653675309,-0.8471666565958126
1653675309,-0.8463622108760532
1653675310,-0.8463622108760532
1653675310,-0.8463622108760532
1653675310,-0.8463622108760532
1653675310,-0.8471666565958126
1653675311,-0.8471666565958126
1653675311,-0.8471666565958126
1653675311,-0.8471666565958126
1653675311,-0.8471666565958126
1653675312,-0.8471666565958126
1653675312,-0.8471666565958126
1653675312,-0.8471666565958126
1653675312,-0.8471666565958126
1653675313,-0.8463622108760532
1653675313,-0.8471666565958126
1653675313,-0.8471666565958126
1653675313,-0.8471666565958126
1653675314,-0.8471666565958126
1653675314,-0.8471666565958126
1653675314,-0.8471666565958126
1653675314,-0.8471666565958126
1653675314,-0.8471666565958126
1653675315,-0.8471666565958126
1653675315,-0.8471666565958126
1653675315,-0.8471666565958126
1653675315,-0.8471666565958126
1653675316,-0.8471666565958126
1653675316,-0.8471666565958126
1653675316,-0.8471666565958126
1653675316,-0.8471666565958126
1653675317,-0.8471666565958126
1653675317,-0.8471666565958126
1653675317,-0.8471666565958126
1653675317,-0.8471666565958126
1653675318,-0.8471666565958126
1653675318,-0.8471666565958126
1653675318,-0.8471666565958126
1653675318,-0.8471666565958126
1653675318,-0.8463622108760532
1653675319,-0.8471666565958126
1653675319,-0.8471666565958126
1653675319,-0.8192573939744648
1653675319,-0.8200618396942241
1653675320,-0.8200618396942241
1653675320,-0.5027984555297882
1653675320,-0.4448783637071256
1653675320,-0.4448783637071256
1653675321,-0.4448783637071256
1653675321,-0.4456828094268847
1653675321,-0.4456828094268847
1653675321,-0.4456828094268847
1653675322,-0.4456828094268847
1653675322,1.7922628648207861
1653675322,1.7922628648207861
1653675322,2.1158534649717398
1653675322,2.1203631731406842
1653675323,2.1203631731406842
1653675323,2.1669596589013147
1653675323,2.165811991848978
1653675323,2.165811991848978
1653675324,2.165811991848978
1653675324,2.1692781141970183
1653675324,2.1718411376426383
1653675324,2.1718411376426383
1653675325,2.170214375310136
1653675325,2.1714384139348044
1653675325,2.1714384139348044
1653675325,2.171219568906663
1653675325,2.173265924144075
1653675326,2.173265924144075
1653675326,2.173265924144075
1653675326,2.173734764335349
1653675326,2.173734764335349
1653675327,2.173734764335349
1653675327,2.1734329249001894
1653675327,2.1718602285509876
1653675327,2.1718602285509876
1653675328,2.171742263885991
1653675328,2.1717961186740435
1653675328,2.1717961186740435
1653675328,2.1717961186740435
1653675328,2.1722629522588215
1653675329,2.1730113214792532
1653675329,2.1730113214792532
1653675329,2.171384559146751
1653675329,2.172370661834928
1653675330,2.172370661834928
1653675330,2.171384559146751
1653675330,2.172316807046875
1653675330,2.171502523811748
1653675331,2.171502523811748
1653675331,2.1713307043586982
1653675331,2.172370661834928
1653675331,2.172370661834928
1653675332,2.172370661834928
1653675332,2.1712665944817537
1653675332,2.1712665944817537
1653675332,2.1712665944817537
1653675332,2.171448669023695
1653675333,2.1727924764511117
1653675333,2.1727924764511117
1653675333,2.1727924764511117
1653675333,2.1738985504107835
1653675334,2.1738985504107835
1653675334,2.1738985504107835
1653675334,2.17401651507578
1653675334,2.173962660287727
1653675335,2.173962660287727
1653675335,2.173962660287727
1653675335,2.173908805499674
1653675335,2.173908805499674
1653675336,2.173908805499674
1653675336,2.1726188528603094
1653675336,2.1726188528603094
1653675336,2.1726188528603094
1653675337,-0.8471666565958126
1653675337,-0.8471666565958126
1653675337,-0.8471666565958126
1653675337,-0.8471666565958126
1653675337,-0.8471666565958126
1653675338,-0.8471666565958126
1653675338,-0.8471666565958126
1653675338,-0.8471666565958126
1653675338,-0.8471666565958126
1653675339,-0.8471666565958126
1653675339,-0.8471666565958126
1653675339,-0.8471666565958126
1653675339,-0.8471666565958126
1653675340,-0.8471666565958126
1653675340,-0.8471666565958126
1653675340,-0.8463622108760532
1653675340,-0.8471666565958126
1653675341,-0.8471666565958126
1653675341,-0.8471666565958126
1653675341,-0.8471666565958126
1653675341,-0.8471666565958126
1653675342,-0.8471666565958126
1653675342,-0.8471666565958126
1653675342,-0.8471666565958126
1653675342,-0.8471666565958126
1653675343,-0.8471666565958126
1653675343,-0.8471666565958126
1653675343,-0.8471666565958126
1653675343,-0.8471666565958126
1653675343,-0.8471666565958126
1653675344,-0.8471666565958126
1653675344,-0.8471666565958126
1653675344,-0.8471666565958126
1653675344,-0.8471666565958126
1653675345,-0.8471666565958126
1653675345,-0.8471666565958126
1653675345,-0.8471666565958126
1653675345,-0.8471666565958126
1653675346,-0.8471666565958126
1653675346,-0.8471666565958126
1653675346,-0.8471666565958126
1653675346,-0.8471666565958126
1653675347,-0.8471666565958126
1653675347,-0.8471666565958126
1653675347,-0.8471666565958126
1653675347,-0.8471666565958126
1653675348,-0.8471666565958126
1653675348,-0.8471666565958126
1653675348,-0.8463622108760532
1653675348,-0.8471666565958126
1653675349,-0.8471666565958126
1653675349,-0.8471666565958126
1653675349,-0.8471666565958126
1653675349,-0.8471666565958126
1653675350,-0.8471666565958126
1653675350,-0.8471666565958126
1653675350,-0.8471666565958126
1653675350,-0.8471666565958126
1653675351,-0.8471666565958126
1653675351,-0.8471666565958126
1653675351,-0.8471666565958126
1653675351,-0.8471666565958126
1653675351,-0.8471666565958126
1653675352,-0.8471666565958126
1653675352,-0.8471666565958126
1653675352,-0.8463622108760532
1653675352,-0.8463622108760532
1653675353,-0.8463622108760532
1653675353,-0.8471666565958126
1653675353,-0.8471666565958126
1653675353,-0.8471666565958126
1653675354,-0.8471666565958126
1653675354,-0.8463622108760532
1653675354,-0.8471666565958126
1653675354,-0.8471666565958126
1653675355,-0.8471666565958126
1653675355,-0.8471666565958126
1653675355,-0.8471666565958126
1653675355,-0.8471666565958126
1653675355,-0.8463622108760532
1653675356,-0.8471666565958126
1653675356,-0.8471666565958126
1653675356,-0.8471666565958126
1653675356,-0.8471666565958126
1653675357,-0.8471666565958126
1653675357,-0.8471666565958126
1653675357,-0.8471666565958126
1653675357,-0.8471666565958126
1653675358,-0.8471666565958126
1653675358,-0.8463622108760532
1653675358,-0.8471666565958126
1653675358,-0.8471666565958126
1653675358,-0.8471666565958126
1653675359,-0.8471666565958126
1653675359,-0.8471666565958126
1653675359,-0.8463622108760532
1653675359,-0.8471666565958126
1653675360,-0.8463622108760532
1653675360,-0.8463622108760532
1653675360,-0.8463622108760532
1653675360,-0.8471666565958126
1653675361,-0.8471666565958126
1653675361,-0.8471666565958126
1653675361,-0.8471666565958126
1653675361,-0.8471666565958126
1653675362,-0.8471666565958126
1653675362,-0.8471666565958126
1653675362,-0.8463622108760532
1653675362,-0.8463622108760532
1653675362,-0.8471666565958126
1653675363,-0.8471666565958126
1653675363,-0.8471666565958126
1653675363,-0.8471666565958126
1653675363,-0.8471666565958126
1653675364,-0.8471666565958126
1653675364,-0.8471666565958126
1653675364,-0.8192573939744648
1653675364,-0.7621417478715615
1653675365,-0.4448783637071256
1653675365,-0.4448783637071256
1653675365,-0.4448783637071256
1653675365,-0.4448783637071256
1653675366,-0.4448783637071256
1653675366,-0.4448783637071256
1653675366,-0.4456828094268847
1653675366,-0.4448783637071256
1653675367,-0.4448783637071256
1653675367,-0.4448783637071256
1653675367,2.1323137401406895
1653675367,2.1309038162298317
1653675368,2.1309038162298317
1653675368,2.168724700954639
1653675368,2.1687888108315816
1653675368,2.1687888108315816
1653675369,2.1687888108315816
1653675369,2.170014653594002
1653675369,2.170014653594002
1653675369,2.170014653594002
1653675369,2.16977491351976
1653675370,2.168734956043529
1653675370,2.168734956043529
1653675370,2.168734956043529
1653675370,2.168724700954639
1653675371,2.168724700954639
1653675371,2.168724700954639
1653675371,2.168724700954639
1653675371,2.168673067877859
1653675372,2.168673067877859
1653675372,2.1685631365904783
1653675372,2.168445171925481
1653675372,2.168445171925481
1653675373,2.168445171925481
1653675373,2.1679682983565907
1653675373,2.1679682983565907
1653675373,2.1679682983565907
1653675373,2.1679122218572626
1653675374,2.167750657493103
1653675374,2.167750657493103
1653675374,2.167860588780484
1653675374,2.167750657493103
1653675375,2.1675028840412445
1653675375,2.1675028840412445
1653675375,2.168325200653988
1653675375,2.168435131941368
1653675376,2.168435131941368
1653675376,2.172291703665823
1653675376,2.1748973037947765
1653675376,2.1748973037947765
1653675377,2.1748973037947765
1653675377,2.178993830698252
1653675377,2.1790579405751953
1653675377,2.1790579405751953
1653675377,2.178886121122145
1653675378,2.177835908557024
1653675378,2.177835908557024
1653675378,2.177835908557024
1653675378,2.177703878058888
1653675379,2.176901654050403
1653675379,2.176901654050403
1653675379,2.1769474754608407
1653675379,2.1764259846461664
1653675380,2.1764259846461664
1653675380,2.1764259846461664
1653675380,2.17647983943422
1653675380,2.1768936206727867
1653675381,2.1768936206727867
1653675381,2.1768936206727867
1653675381,1.8618315160046672
1653675381,-0.8447533194365348
1653675382,-0.8447533194365348
1653675382,-0.8447533194365348
1653675382,-0.8471666565958126
1653675382,-0.8463622108760532
1653675383,-0.8463622108760532
1653675383,-0.8463622108760532
1653675383,-0.8471666565958126
1653675383,-0.8471666565958126
1653675384,-0.8471666565958126
1653675384,-0.8463622108760532
1653675384,-0.8471666565958126
1653675384,-0.8471666565958126
1653675384,-0.8471666565958126
1653675385,-0.8471666565958126
1653675385,-0.8471666565958126
1653675385,-0.8471666565958126
1653675385,-0.8471666565958126
1653675386,-0.8471666565958126
1653675386,-0.8471666565958126
1653675386,-0.8471666565958126
1653675386,-0.8471666565958126
1653675387,-0.8471666565958126
1653675387,-0.8471666565958126
1653675387,-0.8471666565958126
1653675387,-0.8471666565958126
1653675388,-0.8471666565958126
1653675388,-0.8471666565958126
1653675388,-0.8471666565958126
1653675388,-0.8471666565958126
1653675389,-0.8471666565958126
1653675389,-0.8471666565958126
1653675389,-0.8471666565958126
1653675389,-0.8471666565958126
1653675389,-0.8471666565958126
1653675390,-0.8471666565958126
1653675390,-0.8471666565958126
1653675390,-0.8471666565958126
1653675390,-0.8471666565958126
1653675391,-0.8471666565958126
1653675391,-0.8471666565958126
1653675391,-0.8471666565958126
1653675391,-0.8471666565958126
1653675392,-0.8471666565958126
1653675392,-0.8471666565958126
1653675392,-0.8463622108760532
1653675392,-0.8463622108760532
1653675393,-0.8471666565958126
1653675393,-0.8471666565958126
1653675393,-0.8471666565958126
1653675393,-0.8471666565958126
1653675393,-0.8471666565958126
1653675394,-0.8471666565958126
1653675394,-0.8471666565958126
1653675394,-0.8471666565958126
1653675394,-0.8471666565958126
1653675395,-0.8471666565958126
1653675395,-0.8471666565958126
1653675395,-0.8471666565958126
1653675395,-0.8471666565958126
1653675396,-0.8471666565958126
1653675396,-0.8471666565958126
1653675396,-0.8471666565958126
1653675396,-0.8471666565958126
1653675397,-0.8471666565958126
1653675397,-0.8471666565958126
1653675397,-0.8471666565958126
1653675397,-0.8471666565958126
1653675398,-0.8471666565958126
1653675398,-0.8471666565958126
1653675398,-0.8471666565958126
1653675398,-0.8471666565958126
1653675399,-0.8471666565958126
1653675399,-0.8463622108760532
1653675399,-0.8463622108760532
1653675399,-0.8463622108760532
1653675399,-0.8471666565958126
1653675400,-0.8471666565958126
1653675400,-0.8471666565958126
1653675400,-0.8471666565958126
1653675400,-0.8471666565958126
1653675401,-0.8471666565958126
1653675401,-0.8471666565958126
1653675401,-0.8471666565958126
1653675401,-0.8471666565958126
1653675402,-0.8471666565958126
1653675402,-0.8471666565958126
1653675402,-0.8463622108760532
1653675402,-0.8463622108760532
1653675402,-0.8463622108760532
1653675403,-0.8471666565958126
1653675403,-0.8471666565958126
1653675403,-0.8471666565958126
1653675403,-0.8463622108760532
1653675404,-0.8463622108760532
1653675404,-0.8463622108760532
1653675404,-0.8463622108760532
1653675404,-0.8471666565958126
1653675405,-0.8471666565958126
1653675405,-0.8471666565958126
1653675405,-0.8471666565958126
1653675405,-0.8463622108760532
1653675406,-0.8463622108760532
1653675406,-0.8471666565958126
1653675406,-0.8471666565958126
1653675406,-0.8471666565958126
1653675406,-0.8471666565958126
1653675407,-0.8471666565958126
1653675407,-0.8471666565958126
1653675407,-0.8471666565958126
1653675407,-0.8471666565958126
1653675408,-0.8471666565958126
1653675408,-0.8471666565958126
1653675408,-0.8471666565958126
1653675408,-0.8471666565958126
1653675409,-0.8471666565958126
1653675409,-0.8471666565958126
1653675409,-0.8463622108760532
1653675409,-0.8463622108760532
1653675410,-0.8463622108760532
1653675410,-0.8471666565958126
1653675410,-0.8200618396942241
1653675410,-0.8200618396942241
1653675410,-0.8184529482547058
1653675411,-0.4899273240136409
1653675411,-0.4899273240136409
1653675411,-0.4899273240136409
1653675411,-0.4456828094268847
1653675412,-0.4456828094268847
1653675412,-0.4456828094268847
1653675412,-0.4456828094268847
1653675412,-0.4448783637071256
1653675413,-0.4448783637071256
1653675413,0.5138528354199621
1653675413,2.1592547033586365
1653675413,2.1592547033586365
1653675414,2.1592547033586365
1653675414,2.1737845510186484
1653675414,2.174642851526462
1653675414,2.174642851526462
1653675414,2.1738303724290864
1653675415,2.1729720719212735
1653675415,2.1729720719212735
1653675415,2.1729720719212735
1653675415,2.1729720719212735
1653675416,2.1734085578129028
1653675416,2.1736046981879826
1653675416,2.1736046981879826
1653675416,2.1736046981879826
1653675417,2.176190832706575
1653675417,2.1753863869868155
1653675417,2.1753863869868155
1653675417,2.1763087973715716
1653675418,2.176710101809975
1653675418,2.176710101809975
1653675418,2.176710101809975
1653675418,2.1766562470219215
1653675419,2.1757440917260555
1653675419,2.1757440917260555
1653675419,2.1758620563910522
1653675419,2.176033875844103
1653675420,2.176033875844103
1653675420,2.176033875844103
1653675420,2.1777289763713203
1653675420,2.1778366859474265
1653675420,2.1778366859474265
1653675421,2.1770322402276676
1653675421,2.1769783854396145
1653675421,2.1769783854396145
1653675421,2.1769783854396145
1653675422,2.175754346814946
1653675422,2.175915911179106
1653675422,2.175915911179106
1653675422,2.175808201602999
1653675423,2.1757440917260555
1653675423,2.1757440917260555
1653675423,2.1753966420757065
1653675423,2.1746918725544377
1653675424,2.1746918725544377
1653675424,2.1746918725544377
1653675424,2.1743341678151977
1653675424,2.1742803130271446
1653675425,2.1742803130271446
1653675425,2.175378353609199
1653675425,2.1760831231304683
1653675425,2.175797946514109
1653675425,2.175797946514109
1653675426,2.1769122689561735
1653675426,2.1779106333397382
1653675426,2.1779106333397382
1653675426,2.1777828311593734
1653675427,2.175926166267996
1653675427,2.2524724953947475
1653675427,2.2524724953947475
1653675427,-0.5985929291902187
1653675428,-0.8463622108760532
1653675428,-0.8463622108760532
1653675428,-0.8463622108760532
1653675428,-0.8471666565958126
1653675429,-0.8463622108760532
1653675429,-0.8463622108760532
1653675429,-0.8471666565958126
1653675429,-0.8471666565958126
1653675430,-0.8471666565958126
1653675430,-0.8471666565958126
1653675430,-0.8463622108760532
1653675430,-0.8471666565958126
1653675430,-0.8471666565958126
1653675431,-0.8471666565958126
1653675431,-0.8471666565958126
1653675431,-0.8471666565958126
1653675431,-0.8471666565958126
1653675432,-0.8471666565958126
1653675432,-0.8471666565958126
1653675432,-0.8471666565958126
1653675432,-0.8471666565958126
1653675433,-0.8471666565958126
1653675433,-0.8471666565958126
1653675433,-0.8471666565958126
1653675433,-0.8471666565958126
1653675434,-0.8471666565958126
1653675434,-0.8471666565958126
1653675434,-0.8471666565958126
1653675434,-0.8471666565958126
1653675435,-0.8471666565958126
1653675435,-0.8471666565958126
1653675435,-0.8471666565958126
1653675435,-0.8463622108760532
1653675436,-0.8463622108760532
1653675436,-0.8463622108760532
1653675436,-0.8471666565958126
1653675436,-0.8463622108760532
1653675436,-0.8463622108760532
1653675437,-0.8471666565958126
1653675437,-0.8463622108760532
1653675437,-0.8463622108760532
1653675437,-0.8463622108760532
1653675438,-0.8471666565958126
1653675438,-0.8463622108760532
1653675438,-0.8463622108760532
1653675438,-0.8471666565958126
1653675439,-0.8471666565958126
1653675439,-0.8471666565958126
1653675439,-0.8471666565958126
1653675439,-0.8463622108760532
1653675440,-0.8471666565958126
1653675440,-0.8471666565958126
1653675440,-0.8471666565958126
1653675440,-0.8471666565958126
1653675441,-0.8471666565958126
1653675441,-0.8471666565958126
1653675441,-0.8463622108760532
1653675441,-0.8471666565958126
1653675441,-0.8471666565958126
1653675442,-0.8471666565958126
1653675442,-0.8471666565958126
1653675442,-0.8471666565958126
1653675442,-0.8471666565958126
1653675443,-0.8471666565958126
1653675443,-0.8471666565958126
1653675443,-0.8471666565958126
1653675443,-0.8471666565958126
1653675444,-0.8463622108760532
1653675444,-0.8463622108760532
1653675444,-0.8463622108760532
1653675444,-0.8471666565958126
1653675445,-0.8463622108760532
1653675445,-0.8463622108760532
1653675445,-0.8463622108760532
1653675445,-0.8471666565958126
1653675446,-0.8471666565958126
1653675446,-0.8471666565958126
1653675446,-0.8471666565958126
1653675446,-0.8471666565958126
1653675446,-0.8471666565958126
1653675447,-0.8471666565958126
1653675447,-0.8471666565958126
1653675447,-0.8471666565958126
1653675447,-0.8471666565958126
1653675448,-0.8471666565958126
1653675448,-0.8471666565958126
1653675448,-0.8471666565958126
1653675448,-0.8471666565958126
1653675449,-0.8471666565958126
1653675449,-0.8471666565958126
1653675449,-0.8471666565958126
1653675449,-0.8471666565958126
1653675450,-0.8471666565958126
1653675450,-0.8463622108760532
1653675450,-0.8463622108760532
1653675450,-0.8463622108760532
1653675451,-0.8471666565958126
1653675451,-0.8471666565958126
1653675451,-0.8471666565958126
1653675451,-0.8463622108760532
1653675452,-0.8463622108760532
1653675452,-0.8463622108760532
1653675452,-0.8471666565958126
1653675452,-0.8463622108760532
1653675453,-0.8463622108760532
1653675453,-0.8463622108760532
1653675453,-0.8471666565958126
1653675453,-0.8471666565958126
1653675453,-0.8471666565958126
1653675454,-0.8471666565958126
1653675454,-0.8471666565958126
1653675454,-0.8471666565958126
1653675454,-0.8463622108760532
1653675455,-0.8471666565958126
1653675455,-0.8471666565958126
1653675455,-0.8471666565958126
1653675455,-0.8471666565958126
1653675456,-0.8471666565958126
1653675456,-0.8471666565958126
1653675456,-0.8471666565958126
1653675456,-0.7959284681014481
1653675457,-0.7959284681014481
1653675457,-0.7959284681014481
1653675457,-0.4456828094268847
1653675457,-0.4456828094268847
1653675457,-0.4456828094268847
1653675458,-0.4456828094268847
1653675458,-0.4456828094268847
1653675458,-0.4456828094268847
1653675458,-0.4456828094268847
1653675459,-0.4448783637071256
1653675459,-0.4448783637071256
1653675459,-0.4448783637071256
1653675459,2.1332131595509085
1653675460,2.134683603168448
1653675460,2.134683603168448
1653675460,2.1672954315318544
1653675460,2.1663551502541147
1653675460,2.1663551502541147
1653675461,2.1663551502541147
1653675461,2.1663551502541147
1653675461,2.16915590716748
1653675461,2.16915590716748
1653675462,2.169930988784758
1653675462,2.175726003701773
1653675462,2.175726003701773
1653675462,2.1775346311558423
1653675463,2.176916070722272
1653675463,2.176916070722272
1653675463,2.176916070722272
1653675463,2.177034035387269
1653675464,2.1770878901753226
1653675464,2.1770878901753226
1653675464,2.178778762384769
1653675464,2.1772058548403197
1653675465,2.1772058548403197
1653675465,2.1772058548403197
1653675465,2.1780739928635
1653675465,2.178714652507825
1653675465,2.178714652507825
1653675466,2.1770878901753226
1653675466,2.1771538041900182
1653675466,2.176668297270414
1653675466,2.176668297270414
1653675467,2.175863851550654
1653675467,2.176256737743121
1653675467,2.176256737743121
1653675467,2.1753343273583643
1653675468,2.1754981134337985
1653675468,2.1754981134337985
1653675468,2.1754981134337985
1653675468,2.1746936677140396
1653675469,2.1759669536250734
1653675469,2.1759669536250734
1653675469,2.174904896938087
1653675469,2.174036341341384
1653675469,2.174036341341384
1653675470,2.174036341341384
1653675470,2.173918376676387
1653675470,2.173918376676387
1653675470,2.173918376676387
1653675471,2.172866157504769
1653675471,2.173616748436475
1653675471,2.173616748436475
1653675471,2.1726943380517185
1653675472,2.1722626859201672
1653675472,2.1722626859201672
1653675472,2.173141079032238
1653675472,2.173141079032238
1653675472,2.173141079032238
1653675473,2.173141079032238
1653675473,2.254573494402001
1653675473,-0.662948586770955
1653675473,-0.662948586770955
1653675474,-0.8463622108760532
1653675474,-0.8471666565958126
1653675474,-0.8471666565958126
1653675474,-0.8463622108760532
1653675475,-0.8471666565958126
1653675475,-0.8471666565958126
1653675475,-0.8471666565958126
1653675475,-0.8471666565958126
1653675476,-0.8471666565958126
1653675476,-0.8471666565958126
1653675476,-0.8463622108760532
1653675476,-0.8471666565958126
1653675477,-0.8471666565958126
1653675477,-0.8471666565958126
1653675478,-0.8471666565958126
1653675478,-0.8471666565958126
1653675478,-0.8463622108760532
1653675478,-0.8463622108760532
1653675479,-0.8463622108760532
1653675479,-0.8463622108760532
1653675479,-0.8471666565958126
1653675479,-0.8471666565958126
1653675480,-0.8471666565958126
1653675480,-0.8471666565958126
1653675480,-0.8471666565958126
1653675480,-0.8471666565958126
1653675481,-0.8471666565958126
1653675481,-0.8471666565958126
1653675481,-0.8471666565958126
1653675481,-0.8471666565958126
1653675482,-0.8471666565958126
1653675482,-0.8471666565958126
1653675482,-0.8471666565958126
1653675482,-0.8471666565958126
1653675483,-0.8471666565958126
1653675483,-0.8471666565958126
1653675483,-0.8471666565958126
1653675483,-0.8471666565958126
1653675484,-0.8471666565958126
1653675484,-0.8471666565958126
1653675484,-0.8471666565958126
1653675484,-0.8471666565958126
1653675485,-0.8471666565958126
1653675485,-0.8463622108760532
1653675485,-0.8463622108760532
1653675485,-0.8463622108760532
1653675485,-0.8471666565958126
1653675486,-0.8471666565958126
1653675486,-0.8471666565958126
1653675486,-0.8471666565958126
1653675486,-0.8463622108760532
1653675487,-0.8463622108760532
1653675487,-0.8471666565958126
1653675487,-0.8471666565958126
1653675487,-0.8471666565958126
1653675488,-0.8471666565958126
1653675488,-0.8463622108760532
1653675488,-0.8463622108760532
1653675488,-0.8463622108760532
1653675488,-0.8471666565958126
1653675489,-0.8471666565958126
1653675489,-0.8471666565958126
1653675489,-0.8463622108760532
1653675489,-0.8471666565958126
1653675490,-0.8471666565958126
1653675490,-0.8471666565958126
1653675490,-0.8471666565958126
1653675490,-0.8471666565958126
1653675491,-0.8471666565958126
1653675491,-0.8471666565958126
1653675491,-0.8471666565958126
1653675491,-0.8471666565958126
1653675492,-0.8471666565958126
1653675492,-0.8471666565958126
1653675492,-0.8471666565958126
1653675492,-0.8471666565958126
1653675492,-0.8471666565958126
1653675493,-0.8471666565958126
1653675493,-0.8471666565958126
1653675493,-0.8471666565958126
1653675493,-0.8471666565958126
1653675494,-0.8471666565958126
1653675494,-0.8471666565958126
1653675494,-0.8471666565958126
1653675494,-0.8463622108760532
1653675495,-0.8463622108760532
1653675495,-0.8463622108760532
1653675495,-0.8471666565958126
1653675495,-0.8471666565958126
1653675496,-0.8471666565958126
1653675496,-0.8463622108760532
1653675496,-0.8471666565958126
1653675496,-0.8471666565958126
1653675497,-0.8471666565958126
1653675497,-0.8471666565958126
1653675497,-0.8471666565958126
1653675497,-0.8471666565958126
1653675497,-0.8471666565958126
1653675498,-0.8471666565958126
1653675498,-0.8471666565958126
1653675498,-0.8471666565958126
1653675498,-0.8463622108760532
1653675499,-0.8463622108760532
1653675499,-0.8463622108760532
1653675499,-0.8463622108760532
1653675499,-0.8471666565958126
1653675500,-0.8471666565958126
1653675500,-0.8463622108760532
1653675500,-0.8471666565958126
1653675500,-0.8463622108760532
1653675501,-0.8463622108760532
1653675501,-0.8463622108760532
1653675501,-0.8471666565958126
1653675501,-0.8471666565958126
1653675502,-0.8471666565958126
1653675502,-0.8471666565958126
1653675502,-0.8200618396942241
1653675502,-0.8104084910571134
1653675503,-0.8104084910571134
1653675503,-0.4698161810196607
1653675503,-0.4448783637071256
1653675503,-0.4448783637071256
1653675504,-0.4456828094268847
1653675504,-0.4456828094268847
1653675504,-0.4456828094268847
1653675504,-0.4456828094268847
1653675504,-0.4456828094268847
1653675505,0.2129247745558828
1653675505,0.2129247745558828
1653675505,2.1726807830186807
1653675505,2.1719824578420535
1653675506,2.1712162120442344
1653675506,2.1712162120442344
1653675506,2.1702301093560568
1653675506,2.1713361833157285
1653675507,2.1713361833157285
1653675507,2.171749964554296
1653675507,2.172003764777274
1653675507,2.172003764777274
1653675508,2.172003764777274
1653675508,2.173120093825836
1653675508,2.1739783943336484
1653675508,2.1739783943336484
1653675508,2.174032249121702
1653675509,2.1741506361771936
1653675509,2.1741506361771936
1653675509,2.1741506361771936
1653675509,2.1740861039097554
1653675510,2.173173948613889
1653675510,2.173173948613889
1653675510,2.174032249121702
1653675510,2.172992291645471
1653675511,2.172992291645471
1653675511,2.172798372981666
1653675511,2.1738604296686517
1653675511,2.1738604296686517
1653675512,2.1738604296686517
1653675512,2.1717682530208022
1653675512,2.1715823677346133
1653675512,2.1715823677346133
1653675513,2.1717579979319126
1653675513,2.1717682530208022
1653675513,2.1717682530208022
1653675513,2.1717682530208022
1653675513,2.172003764777274
1653675514,2.1728082104970334
1653675514,2.1728082104970334
1653675514,2.172636391043983
1653675514,2.17275435570898
1653675515,2.1718960552011675
1653675515,2.1718960552011675
1653675515,2.172003764777274
1653675515,2.1725825362559292
1653675516,2.1725825362559292
1653675516,2.1725825362559292
1653675516,2.1729732007371214
1653675516,2.1720970293363244
1653675517,2.1720970293363244
1653675517,2.1720970293363244
1653675517,2.1717780905361703
1653675517,2.1725825362559292
1653675518,2.1725825362559292
1653675518,2.1725825362559292
1653675518,2.17275435570898
1653675518,2.172528681467876
1653675519,2.172528681467876
1653675519,2.173144635321851
1653675519,-0.36839058732091584
1653675519,-0.36839058732091584
1653675520,-0.8125754906461669
1653675520,-0.8471666565958126
1653675520,-0.8463622108760532
1653675520,-0.8463622108760532
1653675520,-0.8471666565958126
1653675521,-0.8463622108760532
1653675521,-0.8463622108760532
1653675521,-0.8471666565958126
1653675521,-0.8471666565958126
1653675522,-0.8471666565958126
1653675522,-0.8471666565958126
1653675522,-0.8471666565958126
1653675522,-0.8463622108760532
1653675523,-0.8463622108760532
1653675523,-0.8471666565958126
1653675523,-0.8471666565958126
1653675523,-0.8471666565958126
1653675524,-0.8471666565958126
1653675524,-0.8471666565958126
1653675524,-0.8471666565958126
1653675524,-0.8471666565958126
1653675524,-0.8463622108760532
1653675525,-0.8471666565958126
1653675525,-0.8471666565958126
1653675525,-0.8471666565958126
1653675525,-0.8471666565958126
1653675526,-0.8471666565958126
1653675526,-0.8471666565958126
1653675526,-0.8471666565958126
1653675526,-0.8463622108760532
1653675527,-0.8463622108760532
1653675527,-0.8463622108760532
1653675527,-0.8471666565958126
1653675527,-0.8471666565958126
1653675528,-0.8471666565958126
1653675528,-0.8471666565958126
1653675528,-0.8471666565958126
1653675528,-0.8471666565958126
1653675528,-0.8471666565958126
1653675529,-0.8471666565958126
1653675529,-0.8471666565958126
1653675529,-0.8471666565958126
1653675529,-0.8471666565958126
1653675530,-0.8471666565958126
1653675530,-0.8471666565958126
1653675530,-0.8471666565958126
1653675530,-0.8471666565958126
1653675531,-0.8471666565958126
1653675531,-0.8471666565958126
1653675531,-0.8471666565958126
1653675531,-0.8463622108760532
1653675532,-0.8463622108760532
1653675532,-0.8463622108760532
1653675532,-0.8463622108760532
1653675532,-0.8463622108760532
1653675533,-0.8471666565958126
1653675533,-0.8471666565958126
1653675533,-0.8471666565958126
1653675533,-0.8471666565958126
1653675533,-0.8471666565958126
1653675534,-0.8471666565958126
1653675534,-0.8471666565958126
1653675534,-0.8463622108760532
1653675534,-0.8471666565958126
1653675535,-0.8463622108760532
1653675535,-0.8463622108760532
1653675535,-0.8471666565958126
1653675535,-0.8463622108760532
1653675536,-0.8463622108760532
1653675536,-0.8463622108760532
1653675536,-0.8471666565958126
1653675536,-0.8471666565958126
1653675537,-0.8471666565958126
1653675537,-0.8471666565958126
1653675537,-0.8471666565958126
1653675537,-0.8471666565958126
1653675537,-0.8471666565958126
1653675538,-0.8471666565958126
1653675538,-0.8471666565958126
1653675538,-0.8471666565958126
1653675538,-0.8463622108760532
1653675539,-0.8471666565958126
1653675539,-0.8471666565958126
1653675539,-0.8471666565958126
1653675539,-0.8471666565958126
1653675540,-0.8471666565958126
1653675540,-0.8471666565958126
1653675540,-0.8463622108760532
1653675540,-0.8463622108760532
1653675541,-0.8463622108760532
1653675541,-0.8471666565958126
1653675541,-0.8471666565958126
1653675541,-0.8471666565958126
1653675542,-0.8471666565958126
1653675542,-0.8471666565958126
1653675542,-0.8471666565958126
1653675542,-0.8471666565958126
1653675542,-0.8471666565958126
1653675543,-0.8471666565958126
1653675543,-0.8471666565958126
1653675543,-0.8471666565958126
1653675543,-0.8471666565958126
1653675544,-0.8463622108760532
1653675544,-0.8463622108760532
1653675544,-0.8471666565958126
1653675544,-0.8463622108760532
1653675545,-0.8463622108760532
1653675545,-0.8463622108760532
1653675545,-0.8471666565958126
1653675545,-0.8471666565958126
1653675546,-0.8471666565958126
1653675546,-0.8471666565958126
1653675546,-0.8471666565958126
1653675546,-0.8471666565958126
1653675546,-0.8471666565958126
1653675547,-0.8471666565958126
1653675547,-0.8471666565958126
1653675547,-0.8471666565958126
1653675547,-0.8471666565958126
1653675548,-0.8471666565958126
1653675548,-0.8471666565958126
1653675548,-0.8200618396942241
1653675548,-0.7621417478715615
1653675549,-0.7621417478715615
1653675549,-0.7621417478715615
1653675549,-0.4448783637071256
1653675549,-0.4448783637071256
1653675550,-0.4448783637071256
1653675550,-0.4456828094268847
1653675550,-0.4448783637071256
1653675550,-0.4448783637071256
1653675550,-0.4448783637071256
1653675551,0.5195188821663688
1653675551,2.1664730090698407
1653675551,2.1664730090698407
1653675551,2.1653528692770303
1653675552,2.1674611183645145
1653675552,2.1674611183645145
1653675552,2.1674611183645145
1653675552,2.167711113527647
1653675553,2.1677649683157005
1653675553,2.1677649683157005
1653675553,2.168523592625023
1653675553,2.1687713660768817
1653675554,2.1687713660768817
1653675554,2.1687713660768817
1653675554,2.1690531168173126
1653675554,2.16963769996231
1653675555,2.16963769996231
1653675555,2.16870767377346
1653675555,2.1688794932265107
1653675555,2.1688794932265107
1653675555,2.1688794932265107
1653675556,2.1680670141291354
1653675556,2.1680670141291354
1653675556,2.1680670141291354
1653675556,2.1696937764616373
1653675557,2.1680670141291354
1653675557,2.1680670141291354
1653675557,2.1680670141291354
1653675557,2.1687615285615136
1653675558,2.1704524007709596
1653675558,2.1704524007709596
1653675558,2.1690653785127
1653675558,2.169117226694257
1653675559,2.169117226694257
1653675559,2.169117226694257
1653675559,2.1693449075418574
1653675559,2.1708639602982527
1653675560,2.1708639602982527
1653675560,2.1694090174188014
1653675560,2.169594902704991
1653675560,2.169594902704991
1653675560,2.170527150605115
1653675561,2.171403739579434
1653675561,2.171403739579434
1653675561,2.171403739579434
1653675561,2.1717614443186735
1653675562,2.1717614443186735
1653675562,2.1717614443186735
1653675562,2.1725098135391048
1653675562,2.170936905994656
1653675563,2.170936905994656
1653675563,2.170765086541605
1653675563,2.170765086541605
1653675563,2.170765086541605
1653675563,2.170765086541605
1653675564,2.170525346467363
1653675564,2.1720341441348676
1653675564,2.1720341441348676
1653675564,2.169541047916937
1653675565,2.1701155910778214
1653675565,2.1701155910778214
1653675565,2.1701155910778214
1653675565,-0.6782330554463799
1653675566,-0.8471666565958126
1653675566,-0.8471666565958126
1653675566,-0.8471666565958126
1653675566,-0.8463622108760532
1653675567,-0.8471666565958126
1653675567,-0.8471666565958126
1653675567,-0.8471666565958126
1653675567,-0.8471666565958126
1653675568,-0.8471666565958126
1653675568,-0.8471666565958126
1653675568,-0.8471666565958126
1653675568,-0.8463622108760532
1653675569,-0.8463622108760532
1653675569,-0.8463622108760532
1653675569,-0.8471666565958126
1653675569,-0.8471666565958126
1653675570,-0.8471666565958126
1653675570,-0.8471666565958126
1653675570,-0.8471666565958126
1653675570,-0.8471666565958126
1653675570,-0.8471666565958126
1653675571,-0.8471666565958126
1653675571,-0.8471666565958126
1653675571,-0.8471666565958126
1653675571,-0.8463622108760532
1653675572,-0.8471666565958126
1653675572,-0.8471666565958126
1653675572,-0.8471666565958126
1653675572,-0.8471666565958126
1653675573,-0.8463622108760532
1653675573,-0.8463622108760532
1653675573,-0.8471666565958126
1653675573,-0.8471666565958126
1653675574,-0.8471666565958126
1653675574,-0.8471666565958126
1653675574,-0.8471666565958126
1653675574,-0.8471666565958126
1653675575,-0.8471666565958126
1653675575,-0.8471666565958126
1653675575,-0.8471666565958126
1653675575,-0.8471666565958126
1653675575,-0.8463622108760532
1653675576,-0.8471666565958126
1653675576,-0.8471666565958126
1653675576,-0.8471666565958126
1653675576,-0.8471666565958126
1653675577,-0.8471666565958126
1653675577,-0.8471666565958126
1653675577,-0.8471666565958126
1653675577,-0.8471666565958126
1653675578,-0.8471666565958126
1653675578,-0.8471666565958126
1653675578,-0.8463622108760532
1653675578,-0.8463622108760532
1653675578,-0.8463622108760532
1653675579,-0.8471666565958126
1653675579,-0.8471666565958126
1653675579,-0.8471666565958126
1653675579,-0.8471666565958126
1653675580,-0.8471666565958126
1653675580,-0.8471666565958126
1653675580,-0.8471666565958126
1653675580,-0.8471666565958126
1653675581,-0.8471666565958126
1653675581,-0.8471666565958126
1653675581,-0.8471666565958126
1653675581,-0.8471666565958126
1653675582,-0.8471666565958126
1653675582,-0.8471666565958126
1653675582,-0.8471666565958126
1653675582,-0.8471666565958126
1653675583,-0.8471666565958126
1653675583,-0.8471666565958126
1653675583,-0.8471666565958126
1653675583,-0.8471666565958126
1653675584,-0.8471666565958126
1653675584,-0.8471666565958126
1653675584,-0.8471666565958126
1653675584,-0.8463622108760532
1653675585,-0.8463622108760532
1653675585,-0.8471666565958126
1653675585,-0.8471666565958126
1653675585,-0.8471666565958126
1653675586,-0.8471666565958126
1653675586,-0.8471666565958126
1653675586,-0.8471666565958126
1653675586,-0.8471666565958126
1653675587,-0.8471666565958126
1653675587,-0.8471666565958126
1653675587,-0.8471666565958126
1653675587,-0.8471666565958126
1653675588,-0.8471666565958126
1653675588,-0.8471666565958126
1653675588,-0.8471666565958126
1653675588,-0.8471666565958126
1653675589,-0.8471666565958126
1653675589,-0.8471666565958126
1653675589,-0.8471666565958126
1653675589,-0.8471666565958126
1653675590,-0.8471666565958126
1653675590,-0.8471666565958126
1653675590,-0.8471666565958126
1653675590,-0.8471666565958126
1653675590,-0.8471666565958126
1653675591,-0.8471666565958126
1653675591,-0.8471666565958126
1653675591,-0.8471666565958126
1653675591,-0.8471666565958126
1653675592,-0.8471666565958126
1653675592,-0.8471666565958126
1653675592,-0.8471666565958126
1653675592,-0.8471666565958126
1653675593,-0.8471666565958126
1653675593,-0.8471666565958126
1653675593,-0.8471666565958126
1653675593,-0.8200618396942241
1653675594,-0.645185347927167
1653675594,-0.645185347927167
1653675594,-0.4456828094268847
1653675594,-0.4456828094268847
1653675594,-0.4456828094268847
1653675595,-0.4456828094268847
1653675595,-0.4456828094268847
1653675595,-0.4448783637071256
1653675595,-0.4448783637071256
1653675596,-0.11360693994926045
1653675596,2.168338424009023
1653675596,2.168338424009023
1653675596,2.168338424009023
1653675597,2.170318865231739
1653675597,2.170910283274102
1653675597,2.170910283274102
1653675597,2.171788676386173
1653675598,2.1719066410511703
1653675598,2.1719066410511703
1653675598,2.1719066410511703
1653675598,2.1718527862631167
1653675599,2.1709205383629926
1653675599,2.1709205383629926
1653675599,2.171495081523877
1653675599,2.170682602426502
1653675599,2.170682602426502
1653675600,2.170682602426502
1653675600,2.169382394698247
1653675600,2.169382394698247
1653675600,2.169382394698247
1653675601,2.168809270806794
1653675601,2.1687451609298507
1653675601,2.1687451609298507
1653675601,2.1698492282830255
1653675602,2.1691567204571434
1653675602,2.1691567204571434
1653675602,2.1691567204571434
1653675602,2.1692666517445245
1653675603,2.1691028656690903
1653675603,2.1691028656690903
1653675603,2.1691028656690903
1653675603,2.170337159382649
1653675604,2.1713232620708265
1653675604,2.1713232620708265
1653675604,2.1713232620708265
1653675604,2.170682602426502
1653675605,2.170574892850395
1653675605,2.170574892850395
1653675605,2.170574892850395
1653675605,2.1713232620708265
1653675606,2.172605177423044
1653675606,2.172605177423044
1653675606,2.1739228354286615
1653675606,2.177551726305515
1653675606,2.177551726305515
1653675607,2.177551726305515
1653675607,2.1794779008510585
1653675607,2.17861156696563
1653675608,2.178775353041065
1653675608,2.1782538622263905
1653675608,2.1783637935137716
1653675608,2.1783637935137716
1653675609,2.1783195650458387
1653675609,2.178069781077953
1653675609,2.178069781077953
1653675609,2.178069781077953
1653675610,2.1766080089855384
1653675610,0.9273909570651876
1653675610,0.9273909570651876
1653675610,0.9273909570651876
1653675611,-0.8471666565958126
1653675611,-0.8471666565958126
1653675611,-0.8471666565958126
1653675611,-0.8471666565958126
1653675612,-0.8471666565958126
1653675612,-0.8471666565958126
1653675612,-0.8471666565958126
1653675612,-0.8463622108760532
1653675613,-0.8471666565958126
1653675613,-0.8471666565958126
1653675613,-0.8471666565958126
1653675613,-0.8471666565958126
1653675613,-0.8471666565958126
1653675614,-0.8471666565958126
1653675614,-0.8471666565958126
1653675614,-0.8471666565958126
1653675614,-0.8471666565958126
1653675615,-0.8471666565958126
1653675615,-0.8471666565958126
1653675615,-0.8471666565958126
1653675615,-0.8471666565958126
1653675616,-0.8471666565958126
1653675616,-0.8471666565958126
1653675616,-0.8471666565958126
1653675616,-0.8471666565958126
1653675617,-0.8471666565958126
1653675617,-0.8471666565958126
1653675617,-0.8471666565958126
1653675617,-0.8471666565958126
1653675618,-0.8463622108760532
1653675618,-0.8463622108760532
1653675618,-0.8463622108760532
1653675618,-0.8463622108760532
1653675619,-0.8471666565958126
1653675619,-0.8471666565958126
1653675619,-0.8471666565958126
1653675619,-0.8471666565958126
1653675619,-0.8471666565958126
1653675620,-0.8463622108760532
1653675620,-0.8471666565958126
1653675620,-0.8471666565958126
1653675620,-0.8471666565958126
1653675621,-0.8471666565958126
1653675621,-0.8471666565958126
1653675621,-0.8471666565958126
1653675621,-0.8471666565958126
1653675622,-0.8471666565958126
1653675622,-0.8471666565958126
1653675622,-0.8471666565958126
1653675622,-0.8471666565958126
1653675622,-0.8471666565958126
1653675623,-0.8471666565958126
1653675623,-0.8471666565958126
1653675623,-0.8471666565958126
1653675623,-0.8471666565958126
1653675624,-0.8471666565958126
1653675624,-0.8471666565958126
1653675624,-0.8463622108760532
1653675624,-0.8463622108760532
1653675625,-0.8463622108760532
1653675625,-0.8471666565958126
1653675625,-0.8463622108760532
1653675625,-0.8463622108760532
1653675626,-0.8471666565958126
1653675626,-0.8463622108760532
1653675626,-0.8463622108760532
1653675626,-0.8471666565958126
1653675627,-0.8471666565958126
1653675627,-0.8471666565958126
1653675627,-0.8471666565958126
1653675627,-0.8463622108760532
1653675627,-0.8463622108760532
1653675628,-0.8463622108760532
1653675628,-0.8471666565958126
1653675628,-0.8471666565958126
1653675628,-0.8471666565958126
1653675629,-0.8471666565958126
1653675629,-0.8471666565958126
1653675629,-0.8471666565958126
1653675629,-0.8471666565958126
1653675630,-0.8471666565958126
1653675630,-0.8471666565958126
1653675630,-0.8471666565958126
1653675630,-0.8471666565958126
1653675631,-0.8471666565958126
1653675631,-0.8471666565958126
1653675631,-0.8471666565958126
1653675631,-0.8471666565958126
1653675632,-0.8463622108760532
1653675632,-0.8463622108760532
1653675632,-0.8471666565958126
1653675632,-0.8471666565958126
1653675632,-0.8471666565958126
1653675633,-0.8471666565958126
1653675633,-0.8471666565958126
1653675633,-0.8471666565958126
1653675633,-0.8471666565958126
1653675634,-0.8471666565958126
1653675634,-0.8471666565958126
1653675634,-0.8471666565958126
1653675634,-0.8471666565958126
1653675635,-0.8463622108760532
1653675635,-0.8471666565958126
1653675635,-0.8471666565958126
1653675635,-0.8471666565958126
1653675636,-0.8471666565958126
1653675636,-0.8471666565958126
1653675636,-0.8471666565958126
1653675636,-0.8471666565958126
1653675637,-0.8463622108760532
1653675637,-0.8463622108760532
1653675637,-0.8471666565958126
1653675637,-0.8471666565958126
1653675637,-0.8471666565958126
1653675638,-0.8471666565958126
1653675638,-0.8471666565958126
1653675638,-0.8471666565958126
1653675638,-0.8471666565958126
1653675639,-0.8463622108760532
1653675639,-0.8200618396942241
1653675639,-0.8184529482547058
1653675639,-0.8184529482547058
1653675640,-0.49073176973340027
1653675640,-0.4448783637071256
1653675640,-0.4448783637071256
1653675640,-0.4448783637071256
1653675641,-0.4456828094268847
1653675641,-0.4456828094268847
1653675641,-0.4456828094268847
1653675641,-0.4456828094268847
1653675642,0.5195188821663688
1653675642,0.5195188821663688
1653675642,0.5195188821663688
1653675642,2.1652074613492855
1653675643,2.172574172694467
1653675643,2.172574172694467
1653675643,2.1724562080294696
1653675643,2.171589874144041
1653675643,2.171589874144041
1653675644,2.171589874144041
1653675644,2.171060349951751
1653675644,2.171060349951751
1653675644,2.171060349951751
1653675645,2.170996240074807
1653675645,2.170008130780133
1653675645,2.170008130780133
1653675645,2.170008130780133
1653675646,2.1686002134757723
1653675646,2.1686540682638253
1653675646,2.1686540682638253
1653675646,2.1685361035988278
1653675647,2.1686456124957147
1653675647,2.1686456124957147
1653675647,2.1686456124957147
1653675647,2.1699440209031886
1653675648,2.170118062067514
1653675648,2.170118062067514
1653675648,2.170118062067514
1653675648,2.1702918881270605
1653675648,2.1702918881270605
1653675649,2.1702918881270605
1653675649,2.171234176011298
1653675649,2.1711803212232446
1653675649,2.1711803212232446
1653675650,2.1705957380782475
1653675650,2.171060349951751
1653675650,2.171060349951751
1653675650,2.1711783146167476
1653675651,2.1701819568396803
1653675651,2.1701819568396803
1653675651,2.1701819568396803
1653675651,2.170996240074807
1653675652,2.1700101373866296
1653675652,2.1700101373866296
1653675652,2.1700101373866296
1653675652,2.171114204739804
1653675652,2.171114204739804
1653675653,2.171114204739804
1653675653,2.1714082171756233
1653675653,2.1717837928078465
1653675653,2.1717837928078465
1653675654,2.171773955292479
1653675654,2.1732907863376
1653675654,2.1732907863376
1653675654,2.1729441391290942
1653675655,2.1731079252045284
1653675655,2.1738763870292184
1653675655,2.1738763870292184
1653675655,2.1739302418172715
1653675656,2.1729441391290942
1653675656,2.1729441391290942
1653675656,2.1729441391290942
1653675656,0.1577173762692481
1653675656,-0.8471666565958126
1653675657,-0.8471666565958126
1653675657,-0.8471666565958126
1653675657,-0.8471666565958126
1653675657,-0.8471666565958126
1653675658,-0.8471666565958126
1653675658,-0.8471666565958126
1653675658,-0.8471666565958126
1653675658,-0.8471666565958126
1653675659,-0.8471666565958126
1653675659,-0.8471666565958126
1653675659,-0.8471666565958126
1653675659,-0.8471666565958126
1653675660,-0.8471666565958126
1653675660,-0.8471666565958126
1653675660,-0.8471666565958126
1653675660,-0.8471666565958126
1653675661,-0.8471666565958126
1653675661,-0.8471666565958126
1653675661,-0.8471666565958126
1653675661,-0.8471666565958126
1653675661,-0.8471666565958126
1653675662,-0.8471666565958126
1653675662,-0.8471666565958126
1653675662,-0.8471666565958126
1653675662,-0.8471666565958126
1653675663,-0.8471666565958126
1653675663,-0.8471666565958126
1653675663,-0.8471666565958126
1653675663,-0.8471666565958126
1653675664,-0.8471666565958126
1653675664,-0.8471666565958126
1653675664,-0.8471666565958126
1653675664,-0.8471666565958126
1653675665,-0.8471666565958126
1653675665,-0.8471666565958126
1653675665,-0.8471666565958126
1653675665,-0.8471666565958126
1653675666,-0.8471666565958126
1653675666,-0.8471666565958126
1653675666,-0.8471666565958126
1653675666,-0.8471666565958126
1653675667,-0.8471666565958126
1653675667,-0.8471666565958126
1653675667,-0.8471666565958126
1653675667,-0.8471666565958126
1653675668,-0.8471666565958126
1653675668,-0.8471666565958126
1653675668,-0.8471666565958126
1653675668,-0.8471666565958126
1653675669,-0.8471666565958126
1653675669,-0.8471666565958126
1653675669,-0.8471666565958126
1653675669,-0.8471666565958126
1653675670,-0.8471666565958126
1653675670,-0.8471666565958126
1653675670,-0.8471666565958126
1653675670,-0.8471666565958126
1653675670,-0.8471666565958126
1653675671,-0.8471666565958126
1653675671,-0.8471666565958126
1653675671,-0.8471666565958126
1653675671,-0.8471666565958126
1653675672,-0.8471666565958126
1653675672,-0.8471666565958126
1653675672,-0.8471666565958126
1653675672,-0.8471666565958126
1653675673,-0.8471666565958126
1653675673,-0.8471666565958126
1653675673,-0.8471666565958126
1653675673,-0.8471666565958126
1653675674,-0.8471666565958126
1653675674,-0.8471666565958126
1653675674,-0.8471666565958126
1653675674,-0.8471666565958126
1653675675,-0.8471666565958126
1653675675,-0.8471666565958126
1653675675,-0.8471666565958126
1653675675,-0.8471666565958126
1653675676,-0.8471666565958126
1653675676,-0.8471666565958126
1653675676,-0.8471666565958126
1653675676,-0.8471666565958126
1653675676,-0.8471666565958126
1653675677,-0.8471666565958126
1653675677,-0.8471666565958126
1653675677,-0.8463622108760532
1653675677,-0.8463622108760532
1653675678,-0.8463622108760532
1653675678,-0.8471666565958126
1653675678,-0.8471666565958126
1653675678,-0.8471666565958126
1653675679,-0.8471666565958126
1653675679,-0.8471666565958126
1653675679,-0.8471666565958126
1653675679,-0.8471666565958126
1653675680,-0.8471666565958126
1653675680,-0.8471666565958126
1653675680,-0.8471666565958126
1653675680,-0.8471666565958126
1653675681,-0.8471666565958126
1653675681,-0.8471666565958126
1653675681,-0.8471666565958126
1653675681,-0.8471666565958126
1653675682,-0.8471666565958126
1653675682,-0.8471666565958126
1653675682,-0.8471666565958126
1653675682,-0.8471666565958126
1653675682,-0.8471666565958126
1653675683,-0.8471666565958126
1653675683,-0.8471666565958126
1653675683,-0.8471666565958126
1653675683,-0.8471666565958126
1653675684,-0.8471666565958126
1653675684,-0.8463622108760532
1653675684,-0.8200618396942241
1653675684,-0.8200618396942241
1653675685,-0.8200618396942241
1653675685,-0.4456828094268847
1653675685,-0.4456828094268847
1653675685,-0.4456828094268847
1653675686,-0.4456828094268847
1653675686,-0.4456828094268847
1653675686,-0.4448783637071256
1653675686,-0.4448783637071256
1653675687,-0.4456828094268847
1653675687,1.8366896507228643
1653675687,1.8366896507228643
1653675687,1.8366896507228643
1653675688,1.8366896507228643
1653675688,2.177393429688488
1653675688,2.177393429688488
1653675688,2.177393429688488
1653675689,2.177393429688488
1653675689,2.1784974970416613
1653675689,2.1782597635739163
1653675689,2.1782597635739163
1653675690,2.1790103545056216
1653675690,2.1783337109662275
1653675690,2.1783337109662275
1653675690,2.1783337109662275
1653675690,2.177976006226988
1653675691,2.1779042805459508
1653675691,2.1779042805459508
1653675691,2.1779118963500443
1653675691,2.176871938873813
1653675692,2.176871938873813
1653675692,2.176871938873813
1653675692,2.1769818701611947
1653675692,2.1779679728493715
1653675693,2.1779679728493715
1653675693,2.178032082726316
1653675693,2.1789663372329366
1653675693,2.177457539565432
1653675694,2.177457539565432
1653675694,2.177457539565432
1653675694,2.177457539565432
1653675694,2.177457539565432
1653675695,2.177153689614245
1653675695,2.1769818701611947
1653675695,2.1769818701611947
1653675695,2.1769818701611947
1653675695,2.178436813040646
1653675696,2.1759296509895765
1653675696,2.1759296509895765
1653675696,2.1758757962015225
1653675696,2.1757039767484723
1653675697,2.1757039767484723
1653675697,2.1757039767484723
1653675697,2.176797789012756
1653675697,2.17669007943665
1653675698,2.17669007943665
1653675698,2.177438448657081
1653675698,2.1757578315365262
1653675698,2.1757578315365262
1653675699,2.1757578315365262
1653675699,2.1758757962015225
1653675699,2.176570310633901
1653675699,2.176570310633901
1653675700,2.1777422986082677
1653675700,2.1776683512159565
1653675700,2.1776683512159565
1653675700,2.1777324610929
1653675700,2.176570310633901
1653675701,2.176570310633901
1653675701,2.176570310633901
1653675701,-0.38045727311730393
1653675701,-0.8302732964808693
1653675702,-0.8302732964808693
1653675702,-0.8471666565958126
1653675702,-0.8471666565958126
1653675702,-0.8471666565958126
1653675703,-0.8471666565958126
1653675703,-0.8471666565958126
1653675703,-0.8471666565958126
1653675703,-0.8471666565958126
1653675704,-0.8471666565958126
1653675704,-0.8471666565958126
1653675704,-0.8471666565958126
1653675704,-0.8471666565958126
1653675705,-0.8463622108760532
1653675705,-0.8471666565958126
1653675705,-0.8471666565958126
1653675705,-0.8471666565958126
1653675706,-0.8471666565958126
1653675706,-0.8471666565958126
1653675706,-0.8471666565958126
1653675706,-0.8471666565958126
1653675706,-0.8471666565958126
1653675707,-0.8471666565958126
1653675707,-0.8471666565958126
1653675707,-0.8471666565958126
1653675708,-0.8471666565958126
1653675708,-0.8463622108760532
1653675708,-0.8463622108760532
1653675708,-0.8471666565958126
1653675708,-0.8471666565958126
1653675709,-0.8471666565958126
1653675709,-0.8471666565958126
1653675709,-0.8463622108760532
1653675709,-0.8463622108760532
1653675710,-0.8463622108760532
1653675710,-0.8471666565958126
1653675710,-0.8471666565958126
1653675710,-0.8471666565958126
1653675711,-0.8471666565958126
1653675711,-0.8471666565958126
1653675711,-0.8471666565958126
1653675711,-0.8471666565958126
1653675712,-0.8471666565958126
1653675712,-0.8471666565958126
1653675712,-0.8471666565958126
1653675712,-0.8471666565958126
1653675713,-0.8471666565958126
1653675713,-0.8471666565958126
1653675713,-0.8471666565958126
1653675713,-0.8471666565958126
1653675713,-0.8471666565958126
1653675714,-0.8463622108760532
1653675714,-0.8463622108760532
1653675714,-0.8471666565958126
1653675714,-0.8471666565958126
1653675715,-0.8471666565958126
1653675715,-0.8471666565958126
1653675715,-0.8463622108760532
1653675715,-0.8471666565958126
1653675716,-0.8471666565958126
1653675716,-0.8471666565958126
1653675716,-0.8471666565958126
1653675716,-0.8471666565958126
1653675717,-0.8471666565958126
1653675717,-0.8471666565958126
1653675717,-0.8463622108760532
1653675717,-0.8463622108760532
1653675718,-0.8463622108760532
1653675718,-0.8463622108760532
1653675718,-0.8463622108760532
1653675718,-0.8463622108760532
1653675719,-0.8471666565958126
1653675719,-0.8471666565958126
1653675719,-0.8471666565958126
1653675719,-0.8471666565958126
1653675719,-0.8471666565958126
1653675720,-0.8471666565958126
1653675720,-0.8471666565958126
1653675720,-0.8463622108760532
1653675720,-0.8463622108760532
1653675721,-0.8463622108760532
1653675721,-0.8463622108760532
1653675721,-0.8471666565958126
1653675721,-0.8471666565958126
1653675722,-0.8471666565958126
1653675722,-0.8471666565958126
1653675722,-0.8471666565958126
1653675722,-0.8471666565958126
1653675723,-0.8471666565958126
1653675723,-0.8471666565958126
1653675723,-0.8471666565958126
1653675723,-0.8471666565958126
1653675724,-0.8471666565958126
1653675724,-0.8471666565958126
1653675724,-0.8471666565958126
1653675724,-0.8471666565958126
1653675724,-0.8471666565958126
1653675725,-0.8471666565958126
1653675725,-0.8471666565958126
1653675725,-0.8471666565958126
1653675725,-0.8471666565958126
1653675726,-0.8471666565958126
1653675726,-0.8471666565958126
1653675726,-0.8463622108760532
1653675726,-0.8463622108760532
1653675727,-0.8463622108760532
1653675727,-0.8463622108760532
1653675727,-0.8471666565958126
1653675727,-0.8471666565958126
1653675728,-0.8471666565958126
1653675728,-0.8471666565958126
1653675728,-0.8471666565958126
1653675728,-0.8471666565958126
1653675729,-0.8471666565958126
1653675729,-0.8471666565958126
1653675729,-0.8471666565958126
1653675729,-0.8471666565958126
1653675730,-0.8471666565958126
1653675730,-0.8471666565958126
1653675730,-0.8471666565958126
1653675730,-0.8471666565958126
1653675730,-0.8200618396942241
1653675731,-0.4448783637071256
1653675731,-0.4448783637071256
1653675731,-0.4448783637071256
1653675731,-0.4456828094268847
1653675732,-0.4456828094268847
1653675732,-0.4456828094268847
1653675732,-0.4464872551466439
1653675732,-0.4456828094268847
1653675733,-0.4456828094268847
1653675733,-0.4456828094268847
1653675733,2.1693909309962724
1653675733,2.1694337282535923
1653675734,2.1694337282535923
1653675734,2.172591980485824
1653675734,2.1729056679523775
1653675734,2.1729056679523775
1653675735,2.173077487405428
1653675735,2.17382585662586
1653675735,2.17382585662586
1653675735,2.17382585662586
1653675735,2.1738361117147504
1653675736,2.173249306858479
1653675736,2.173249306858479
1653675736,2.1730137951020065
1653675736,2.173700276156769
1653675737,2.173700276156769
1653675737,2.173700276156769
1653675737,2.17289583043701
1653675737,2.1728419756489563
1653675738,2.1728419756489563
1653675738,2.1735284567037185
1653675738,2.1735284567037185
1653675738,2.1731707519644785
1653675739,2.1731707519644785
1653675739,2.1731168971764254
1653675739,2.173234861841423
1653675739,2.173234861841423
1653675740,2.173234861841423
1653675740,2.1735286678989656
1653675740,2.1735284567037185
1653675740,2.1735284567037185
1653675741,2.173646421368716
1653675741,2.173894194820575
1653675741,2.173894194820575
1653675741,2.173894194820575
1653675741,2.1746156310701736
1653675742,2.1746156310701736
1653675742,2.1746156310701736
1653675742,2.1746156310701736
1653675742,2.174130124150569
1653675743,2.17406643666412
1653675743,2.17406643666412
1653675743,2.17406643666412
1653675743,2.1741220907729533
1653675744,2.1744438116171234
1653675744,2.1744438116171234
1653675744,2.1751383260495016
1653675744,2.1743698642248117
1653675745,2.1743698642248117
1653675745,2.1743698642248117
1653675745,2.1751743099445715
1653675745,2.1736753497924335
1653675746,2.1736753497924335
1653675746,2.1753101455025523
1653675746,2.175374255379496
1653675746,2.175374255379496
1653675747,2.175374255379496
1653675747,2.175785814906789
1653675747,0.9601481079306668
1653675747,0.9601481079306668
1653675748,0.9601481079306668
1653675748,-0.8471666565958126
1653675748,-0.8471666565958126
1653675748,-0.8471666565958126
1653675749,-0.8471666565958126
1653675749,-0.8463622108760532
1653675749,-0.8463622108760532
1653675749,-0.8463622108760532
1653675750,-0.8463622108760532
1653675750,-0.8471666565958126
1653675750,-0.8471666565958126
1653675750,-0.8471666565958126
1653675751,-0.8471666565958126
1653675751,-0.8471666565958126
1653675751,-0.8471666565958126
1653675751,-0.8471666565958126
1653675752,-0.8471666565958126
1653675752,-0.8471666565958126
1653675752,-0.8471666565958126
1653675752,-0.8471666565958126
1653675753,-0.8471666565958126
1653675753,-0.8471666565958126
1653675753,-0.8471666565958126
1653675753,-0.8471666565958126
1653675753,-0.8471666565958126
1653675754,-0.8471666565958126
1653675754,-0.8471666565958126
1653675754,-0.8471666565958126
1653675754,-0.8471666565958126
1653675755,-0.8471666565958126
1653675755,-0.8471666565958126
1653675755,-0.8471666565958126
1653675755,-0.8471666565958126
1653675756,-0.8471666565958126
1653675756,-0.8471666565958126
1653675756,-0.8471666565958126
1653675756,-0.8463622108760532
1653675757,-0.8463622108760532
1653675757,-0.8471666565958126
1653675757,-0.8471666565958126
1653675757,-0.8471666565958126
1653675758,-0.8471666565958126
1653675758,-0.8471666565958126
1653675758,-0.8471666565958126
1653675758,-0.8471666565958126
1653675758,-0.8471666565958126
1653675759,-0.8471666565958126
1653675759,-0.8471666565958126
1653675759,-0.8471666565958126
1653675759,-0.8471666565958126
1653675760,-0.8471666565958126
1653675760,-0.8471666565958126
1653675760,-0.8471666565958126
1653675760,-0.8471666565958126
1653675761,-0.8471666565958126
1653675761,-0.8471666565958126
1653675761,-0.8463622108760532
1653675761,-0.8471666565958126
1653675762,-0.8471666565958126
1653675762,-0.8463622108760532
1653675762,-0.8471666565958126
1653675762,-0.8471666565958126
1653675763,-0.8471666565958126
1653675763,-0.8471666565958126
1653675763,-0.8471666565958126
1653675763,-0.8471666565958126
1653675764,-0.8471666565958126
1653675764,-0.8471666565958126
1653675764,-0.8471666565958126
1653675764,-0.8471666565958126
1653675764,-0.8471666565958126
1653675765,-0.8471666565958126
1653675765,-0.8471666565958126
1653675765,-0.8471666565958126
1653675765,-0.8471666565958126
1653675766,-0.8471666565958126
1653675766,-0.8471666565958126
1653675766,-0.8471666565958126
1653675766,-0.8471666565958126
1653675767,-0.8471666565958126
1653675767,-0.8471666565958126
1653675767,-0.8463622108760532
1653675767,-0.8463622108760532
1653675768,-0.8463622108760532
1653675768,-0.8471666565958126
1653675768,-0.8463622108760532
1653675768,-0.8463622108760532
1653675769,-0.8463622108760532
1653675769,-0.8471666565958126
1653675769,-0.8471666565958126
1653675769,-0.8471666565958126
1653675769,-0.8471666565958126
1653675770,-0.8471666565958126
1653675770,-0.8471666565958126
1653675770,-0.8471666565958126
1653675770,-0.8471666565958126
1653675771,-0.8463622108760532
1653675771,-0.8463622108760532
1653675771,-0.8463622108760532
1653675771,-0.8463622108760532
1653675772,-0.8463622108760532
1653675772,-0.8471666565958126
1653675772,-0.8471666565958126
1653675772,-0.8471666565958126
1653675773,-0.8471666565958126
1653675773,-0.8471666565958126
1653675773,-0.8471666565958126
1653675773,-0.8471666565958126
1653675773,-0.8471666565958126
1653675774,-0.8471666565958126
1653675774,-0.8471666565958126
1653675774,-0.8471666565958126
1653675774,-0.8471666565958126
1653675775,-0.8471666565958126
1653675775,-0.8471666565958126
1653675775,-0.8471666565958126
1653675775,-0.8471666565958126
1653675776,-0.8471666565958126
1653675776,-0.8471666565958126
1653675776,-0.8471666565958126
1653675776,-0.8471666565958126
1653675777,-0.8471666565958126
1653675777,-0.8463622108760532
1653675777,-0.8471666565958126
1653675777,-0.8471666565958126
1653675778,-0.8471666565958126
1653675778,-0.8471666565958126
1653675778,-0.8471666565958126
1653675778,-0.8471666565958126
1653675778,-0.8471666565958126
1653675779,-0.8463622108760532
1653675779,-0.8463622108760532
1653675779,-0.8463622108760532
1653675779,-0.8471666565958126
1653675780,-0.8471666565958126
1653675780,-0.8471666565958126
1653675780,-0.8471666565958126
1653675780,-0.8471666565958126
1653675781,-0.8471666565958126
1653675781,-0.8471666565958126
1653675781,-0.8463622108760532
1653675781,-0.8471666565958126
1653675782,-0.8471666565958126
1653675782,-0.8463622108760532
1653675782,-0.8471666565958126
1653675782,-0.8471666565958126
1653675783,-0.8471666565958126
1653675783,-0.8471666565958126
1653675783,-0.8471666565958126
1653675783,-0.8471666565958126
1653675783,-0.8471666565958126
1653675784,-0.8463622108760532
1653675784,-0.8471666565958126
1653675784,-0.8471666565958126
1653675785,-0.8471666565958126
1653675785,-0.8471666565958126
1653675785,-0.8471666565958126
1653675785,-0.8471666565958126
1653675786,-0.8471666565958126
1653675786,-0.8471666565958126
1653675786,-0.8471666565958126
1653675786,-0.8471666565958126
1653675786,-0.8471666565958126
1653675787,-0.8471666565958126
1653675787,-0.8471666565958126
1653675787,-0.8471666565958126
1653675787,-0.8471666565958126
1653675788,-0.8471666565958126
1653675788,-0.8471666565958126
1653675788,-0.8471666565958126
1653675788,-0.8471666565958126
1653675789,-0.8471666565958126
1653675789,-0.8471666565958126
1653675789,-0.8471666565958126
1653675789,-0.8471666565958126
1653675790,-0.8471666565958126
1653675790,-0.8471666565958126
1653675790,-0.8463622108760532
1653675790,-0.8471666565958126
1653675791,-0.8471666565958126
1653675791,-0.8471666565958126
1653675791,-0.8471666565958126
1653675791,-0.8471666565958126
1653675792,-0.8471666565958126
1653675792,-0.8471666565958126
1653675792,-0.8471666565958126
1653675792,-0.8471666565958126
1653675792,-0.8471666565958126
1653675793,-0.8471666565958126
1653675793,-0.8471666565958126
1653675793,-0.8471666565958126
1653675793,-0.8471666565958126
1653675794,-0.8463622108760532
1653675794,-0.8463622108760532
1653675794,-0.8463622108760532
1653675794,-0.8463622108760532
1653675795,-0.8471666565958126
1653675795,-0.8471666565958126
1653675795,-0.8471666565958126
1653675795,-0.8463622108760532
1653675796,-0.8463622108760532
1653675796,-0.8463622108760532
1653675796,-0.8471666565958126
1653675796,-0.8471666565958126
1653675797,-0.8471666565958126
1653675797,-0.8471666565958126
1653675797,-0.8471666565958126
1653675797,-0.8471666565958126
1653675797,-0.8471666565958126
1653675798,-0.8471666565958126
1653675798,-0.8463622108760532
1653675798,-0.8463622108760532
1653675798,-0.8471666565958126
1653675799,-0.8463622108760532
1653675799,-0.8463622108760532
1653675799,-0.8463622108760532
1653675799,-0.8471666565958126
1653675800,-0.8471666565958126
1653675800,-0.8471666565958126
1653675800,-0.8471666565958126
1653675800,-0.8471666565958126
1653675801,-0.8471666565958126
1653675801,-0.8471666565958126
1653675801,-0.8471666565958126
1653675801,-0.8471666565958126
1653675802,-0.8471666565958126
1653675802,-0.8471666565958126
1653675802,-0.8471666565958126
1653675802,-0.8471666565958126
1653675803,-0.8471666565958126
1653675803,-0.8471666565958126
1653675803,-0.8471666565958126
1653675803,-0.8463622108760532
1653675804,-0.8463622108760532
1653675804,-0.8463622108760532
1653675804,-0.8471666565958126
1653675804,-0.8471666565958126
1653675804,-0.8471666565958126
1653675805,-0.8471666565958126
1653675805,-0.8471666565958126
1653675805,-0.8471666565958126
1653675805,-0.8471666565958126
1653675806,-0.8471666565958126
1653675806,-0.8471666565958126
1653675806,-0.8471666565958126
1653675806,-0.8471666565958126
1653675807,-0.8471666565958126
1653675807,-0.8471666565958126
1653675807,-0.8471666565958126
1653675807,-0.8471666565958126
1653675808,-0.8471666565958126
1653675808,-0.8471666565958126
1653675808,-0.8471666565958126
